avgTemp,minTemp,maxTemp,rainfall,price
-4.9,-11.0,0.9,0.0,2123.0
-0.1,-5.5,5.5,0.8,2123.0
-2.9,-6.9,1.4,0.0,2123.0
-1.8,-5.1,2.2,5.9,2123.0
-5.2,-8.7,-1.8,0.7,2209.0
-7.3,-11.4,-2.5,0.3,2209.0
-6.7,-11.2,-1.2,0.0,2266.0
-5.6,-11.4,1.4,0.0,2266.0
-3.1,-8.8,1.8,0.1,2266.0
-1.3,-5.0,2.8,0.0,2266.0
-1.5,-5.1,2.1,0.0,2266.0
-5.0,-8.2,-1.7,0.4,2266.0
-8.3,-11.4,-4.6,0.7,2266.0
-6.4,-12.7,0.0,0.1,2294.0
-2.6,-7.9,3.9,0.1,2294.0
-4.1,-9.9,2.9,0.0,2294.0
-3.1,-9.8,4.9,0.0,2294.0
-0.4,-7.1,7.7,0.0,2294.0
3.6,-4.6,11.0,0.3,2294.0
8.0,4.9,11.3,10.8,2276.0
1.3,-3.6,7.9,3.1,2296.0
-3.1,-5.7,0.8,0.0,2296.0
-2.7,-6.6,2.0,0.1,2296.0
0.4,-5.5,5.8,0.0,2296.0
0.8,-4.3,5.4,0.0,2288.0
-2.3,-7.7,4.3,0.0,2263.0
1.3,-5.9,7.4,6.5,2263.0
3.5,-0.7,7.4,0.1,2363.0
0.2,-4.3,5.0,0.0,2388.0
1.9,-3.3,7.5,0.0,2388.0
3.0,-1.3,9.4,0.0,2388.0
2.2,-1.0,6.8,0.2,2449.0
-2.0,-5.5,1.8,0.0,2527.0
-4.9,-8.6,-0.3,0.0,2604.0
-2.9,-8.4,2.2,0.1,2727.0
-1.8,-5.9,3.0,0.0,2782.0
-2.6,-8.5,4.7,0.0,2782.0
1.2,-8.3,8.6,0.1,2782.0
4.9,2.8,7.3,2.7,2951.0
5.6,3.6,7.8,6.9,2982.0
5.1,4.0,6.5,9.0,3082.0
2.4,0.7,5.2,17.3,3104.0
0.7,-0.6,2.7,3.1,3127.0
-0.7,-3.3,2.2,1.9,3127.0
-1.2,-4.9,2.5,0.0,3127.0
-0.5,-4.4,5.0,0.1,3127.0
-1.6,-5.0,3.2,0.6,3127.0
-1.2,-6.1,3.6,0.4,3216.0
-1.1,-4.8,2.4,0.5,3260.0
-0.6,-6.1,5.4,0.1,3270.0
2.2,-4.2,9.7,0.0,3270.0
3.7,-3.4,11.6,0.0,3270.0
5.2,-0.8,12.8,0.0,3245.0
6.4,-1.2,16.4,0.0,3445.0
11.2,1.2,18.9,0.0,3470.0
13.4,10.3,16.4,33.4,3445.0
9.4,6.0,13.5,4.1,3495.0
6.3,3.8,9.2,1.5,3495.0
7.1,3.0,12.6,0.1,3495.0
5.4,3.4,8.0,15.6,3495.0
4.2,1.8,6.9,0.3,3495.0
5.2,-0.4,10.5,0.0,3758.0
5.9,4.4,7.2,3.9,3820.0
6.9,5.0,9.4,3.8,3995.0
5.5,3.1,8.1,3.3,3995.0
4.2,2.3,7.0,0.9,3995.0
3.8,0.1,7.6,0.9,4108.0
2.3,-0.8,5.8,5.7,4295.0
-0.3,-2.9,2.6,3.9,4369.0
3.0,-2.8,8.4,0.0,4397.0
8.3,1.7,14.5,0.0,4326.0
6.1,1.6,12.5,0.0,4326.0
8.0,1.0,12.9,1.1,4326.0
9.4,4.5,14.4,16.5,4283.0
3.2,-0.4,7.2,0.0,4354.0
2.4,-2.7,7.3,1.1,4526.0
2.1,-1.8,6.5,2.3,4411.0
6.0,-3.5,13.9,0.0,4526.0
10.9,5.1,18.5,1.0,4526.0
4.7,1.0,9.3,0.0,4526.0
4.4,0.4,8.0,2.0,4569.0
7.0,3.3,11.4,2.4,4711.0
8.3,3.9,13.1,0.1,4740.0
5.1,1.4,8.5,4.6,4997.0
3.2,-2.0,8.0,0.0,5150.0
5.6,0.5,10.0,0.9,5150.0
6.2,1.7,11.4,0.0,5150.0
5.6,-1.3,12.9,0.0,5383.0
7.8,1.0,13.6,0.0,5569.0
8.8,6.3,10.9,18.8,5533.0
8.9,5.1,11.6,15.8,5658.0
7.3,1.3,12.7,0.0,5658.0
6.2,0.8,12.4,0.0,5658.0
8.4,-0.5,16.6,0.0,5658.0
11.9,4.9,19.0,0.0,5720.0
10.0,5.1,15.2,0.1,5901.0
6.9,1.4,12.9,0.1,5964.0
8.5,0.0,16.5,0.0,6026.0
11.5,4.6,19.5,0.0,6083.0
12.2,6.9,17.7,0.1,6083.0
12.3,7.9,17.0,0.9,6083.0
11.8,9.2,15.9,3.8,6095.0
6.9,3.0,11.3,1.6,6220.0
4.4,0.9,8.9,0.7,6220.0
6.2,-0.2,12.5,0.0,6220.0
7.4,0.2,14.4,0.0,6195.0
8.8,0.8,16.5,0.0,6195.0
10.9,3.8,16.3,0.2,6195.0
14.2,10.1,18.4,5.5,6195.0
15.6,10.2,22.5,0.2,6070.0
12.4,8.7,16.6,8.0,6058.0
9.9,7.9,12.3,13.9,6058.0
9.6,6.2,14.5,2.0,5995.0
10.5,4.0,17.6,0.0,5995.0
12.7,3.8,20.9,0.0,5995.0
12.4,9.0,17.5,23.7,5933.0
10.2,5.6,14.7,4.2,5870.0
6.3,3.2,10.0,7.8,5870.0
10.2,5.2,15.0,0.5,5870.0
11.4,5.7,16.8,0.0,5745.0
12.5,4.3,19.9,0.0,5745.0
16.8,7.3,25.1,0.0,5745.0
20.0,13.7,25.8,0.0,4620.0
20.8,15.0,27.1,0.0,4617.0
20.2,14.0,25.7,0.4,4617.0
17.6,11.6,23.6,5.2,4520.0
16.7,9.9,23.9,0.0,4493.0
17.2,9.3,24.8,0.0,4493.0
18.1,11.6,25.3,0.0,4493.0
16.6,12.4,22.0,0.1,4460.0
13.9,8.5,20.3,0.8,4400.0
13.8,7.9,20.4,0.0,4387.0
14.5,8.2,21.2,0.0,4302.0
15.9,8.7,23.1,0.0,4178.0
16.0,9.8,22.5,0.0,4178.0
18.3,10.2,26.5,0.0,4178.0
19.4,11.5,26.9,5.8,3886.0
18.0,16.4,19.7,51.4,3947.0
19.3,15.1,24.6,2.4,3997.0
20.6,13.9,28.2,0.0,3854.0
21.7,13.8,30.2,0.0,3854.0
17.8,14.7,22.6,24.2,3854.0
15.8,14.3,17.5,26.8,3854.0
15.0,13.5,17.3,4.8,3695.0
15.2,12.9,18.4,1.9,3576.0
16.3,11.9,21.4,0.2,3509.0
16.0,10.2,22.4,0.0,3463.0
15.5,11.3,20.0,0.0,3415.0
17.3,12.7,23.5,0.0,3415.0
16.8,11.5,22.9,0.0,3415.0
16.1,11.6,21.5,0.1,3239.0
16.4,9.7,23.1,0.0,2976.0
18.4,11.0,25.5,0.0,2976.0
20.5,13.5,27.6,0.0,2775.0
21.5,14.8,28.7,0.0,2691.0
22.0,15.3,29.6,0.5,2691.0
22.1,16.1,29.7,1.6,2691.0
21.7,16.3,28.3,0.6,2706.0
21.4,14.9,28.1,0.0,2706.0
22.4,14.8,30.0,0.0,2706.0
22.6,15.8,30.0,0.0,2698.0
22.3,16.0,28.6,0.8,2773.0
20.3,17.6,23.3,11.9,2773.0
22.7,19.0,27.7,2.9,2773.0
23.0,18.8,28.1,2.8,2755.0
23.0,19.4,28.7,2.3,2755.0
23.4,18.6,29.3,0.2,2636.0
24.5,19.5,30.1,0.0,2545.0
23.8,20.7,27.9,1.8,2490.0
22.9,20.2,27.1,2.3,2490.0
23.4,20.1,28.1,4.6,2490.0
23.1,18.8,28.6,0.0,2598.0
23.0,17.0,29.3,0.0,2535.0
22.5,17.4,28.4,0.0,2553.0
23.1,16.5,29.9,0.0,2453.0
23.7,18.6,29.6,0.8,2480.0
22.6,20.4,25.1,11.4,2480.0
22.7,20.6,25.5,3.9,2480.0
23.2,20.0,27.9,9.2,2596.0
24.2,20.1,29.4,0.1,2621.0
24.1,21.3,28.1,3.7,2638.0
24.8,21.8,28.8,5.0,2567.0
24.3,23.0,26.2,17.1,2544.0
24.8,22.8,27.9,6.1,2544.0
24.2,22.3,27.1,1.4,2544.0
25.3,22.1,30.1,1.0,2574.0
25.8,21.3,31.6,0.4,2664.0
24.7,20.7,29.8,1.1,2738.0
23.7,20.1,28.4,0.7,2771.0
24.5,20.4,30.2,0.8,2771.0
24.6,20.4,29.3,4.6,2771.0
22.1,20.6,24.5,57.6,2771.0
23.2,20.1,26.7,0.6,2953.0
23.2,20.3,27.0,11.3,3216.0
23.9,20.0,28.7,0.1,3155.0
24.4,20.5,29.3,0.9,3300.0
24.1,22.0,27.1,54.1,3327.0
25.1,23.2,27.8,36.6,3327.0
26.8,23.5,30.8,1.1,3327.0
27.1,23.4,31.9,0.7,3721.0
27.5,23.6,32.0,0.5,3671.0
27.7,24.1,32.0,2.2,3700.0
27.9,24.4,32.4,0.2,3744.0
26.2,23.1,30.9,21.3,3759.0
26.0,22.9,30.9,6.7,3759.0
26.0,22.8,31.1,5.6,3759.0
26.3,23.1,31.1,1.9,3694.0
26.7,22.9,31.9,3.2,3792.0
25.2,22.5,28.5,14.4,3792.0
26.5,23.4,30.9,0.7,3678.0
27.0,24.1,30.9,0.1,3776.0
27.8,24.3,31.7,0.0,3776.0
28.5,25.2,33.0,0.0,3776.0
27.3,24.2,31.8,4.4,4316.0
26.2,23.5,29.9,1.8,4360.0
28.2,24.5,32.9,1.9,4360.0
28.8,25.2,33.4,2.6,4360.0
27.9,25.5,32.2,9.1,4151.0
26.9,24.0,31.7,8.4,4151.0
27.0,23.1,32.3,1.9,4151.0
27.9,22.8,33.3,1.3,4240.0
26.3,24.5,29.5,43.3,4149.0
26.8,24.3,30.4,32.4,4093.0
26.3,22.9,30.4,3.1,4270.0
26.2,23.6,29.8,38.0,4270.0
27.1,24.8,30.0,14.0,4270.0
27.0,24.7,30.1,38.2,4270.0
25.4,22.8,29.2,20.6,4258.0
25.8,22.3,30.7,16.9,4258.0
26.7,23.2,31.8,14.4,4070.0
27.6,24.0,32.4,0.4,3642.0
28.1,24.2,33.3,0.2,3662.0
28.5,24.3,33.9,0.0,3662.0
28.5,24.3,33.6,0.2,3662.0
27.7,24.4,32.1,6.0,3612.0
26.5,23.6,31.0,6.8,3749.0
24.4,22.4,28.1,19.3,4146.0
25.5,22.6,29.4,12.7,4371.0
26.0,23.0,29.9,6.0,4371.0
26.2,24.0,28.8,18.3,4371.0
25.8,23.5,29.3,29.3,4371.0
25.9,23.5,30.0,4.7,4360.0
25.4,23.0,29.9,17.0,4383.0
26.6,23.0,31.7,14.8,4420.0
26.0,23.5,29.8,26.7,4420.0
26.8,23.4,31.7,3.4,4495.0
26.9,23.0,32.1,0.1,4495.0
26.6,23.2,32.3,10.3,4495.0
24.5,22.9,26.9,21.5,4895.0
23.9,21.6,27.1,18.6,5183.0
22.1,19.9,25.2,0.2,5183.0
22.6,19.3,26.3,12.4,4945.0
25.1,21.5,29.8,17.4,4945.0
24.2,22.6,26.5,42.6,4945.0
23.4,20.3,27.3,34.2,4945.0
22.7,19.0,28.0,0.2,5535.0
22.6,18.8,28.0,0.2,5748.0
22.3,17.6,28.5,0.5,6664.0
22.3,16.9,29.5,0.0,6807.0
22.8,17.3,30.0,0.0,6829.0
23.3,18.1,30.1,0.0,6829.0
21.9,18.2,26.4,6.1,6829.0
23.2,20.2,27.3,7.4,7184.0
24.9,20.6,29.7,30.1,7184.0
18.5,16.1,23.2,9.7,7184.0
17.7,13.6,23.3,0.2,7184.0
17.3,12.1,23.9,0.0,7629.0
17.3,12.3,23.7,0.0,7629.0
17.0,13.1,22.6,0.1,7629.0
17.5,13.1,23.7,0.6,11678.0
16.3,10.6,21.7,0.5,12410.0
14.1,9.2,19.9,0.0,12410.0
14.8,9.4,22.3,0.0,12011.0
15.6,9.2,23.2,0.0,12011.0
17.8,12.3,22.6,12.9,12011.0
19.0,15.3,23.5,6.7,12011.0
15.6,13.1,19.0,2.3,10425.0
15.4,11.4,20.5,0.1,10425.0
15.7,10.4,22.8,0.0,10025.0
16.9,11.3,24.1,0.0,9626.0
17.7,14.1,22.7,3.9,9583.0
18.1,14.4,23.7,0.7,9583.0
17.6,13.0,24.6,0.0,9583.0
17.1,12.5,22.5,0.1,9000.0
17.3,13.3,22.9,0.0,8500.0
16.2,12.7,20.8,0.3,7600.0
15.8,11.4,20.9,0.0,6800.0
13.9,9.1,19.1,0.0,6100.0
14.5,8.2,21.9,0.0,6100.0
14.7,9.2,22.2,0.1,6100.0
14.2,8.9,21.7,0.1,5014.0
15.1,9.4,22.7,0.0,4729.0
15.3,10.5,21.9,0.0,4356.0
15.5,10.8,21.3,1.1,3860.0
15.5,10.8,22.1,0.0,3770.0
15.2,9.9,20.8,0.3,3770.0
16.1,13.5,20.5,8.1,3770.0
13.1,7.8,17.9,0.3,3688.0
5.3,0.8,9.8,0.0,3647.0
6.7,-0.5,13.3,0.0,3653.0
7.6,1.8,14.7,0.0,3698.0
9.1,1.3,17.3,0.0,3614.0
11.3,5.7,18.2,0.0,3614.0
11.3,5.8,17.9,0.6,3614.0
11.4,5.7,17.6,0.0,3594.0
8.0,3.1,12.6,0.0,3412.0
6.9,0.2,14.0,0.0,3362.0
9.1,2.5,16.9,0.0,3222.0
10.2,4.6,17.7,0.0,3184.0
10.7,5.2,18.1,0.0,3184.0
10.8,5.7,17.8,0.4,3184.0
9.4,4.5,14.0,1.5,3111.0
6.1,3.3,9.9,0.1,3154.0
5.8,0.2,12.3,0.0,3079.0
9.9,1.6,16.5,5.5,3142.0
10.2,4.3,15.3,0.3,3190.0
8.9,1.8,16.3,0.0,3190.0
9.2,5.2,14.4,0.0,3190.0
4.1,-0.9,8.8,0.0,3329.0
3.4,-2.7,10.6,0.0,3435.0
5.3,-0.1,12.6,0.0,3561.0
5.1,-0.6,13.4,0.0,3820.0
4.6,-0.9,12.2,0.0,3784.0
6.8,0.0,16.0,0.0,3784.0
9.5,2.4,17.3,0.0,3784.0
8.6,2.1,14.3,1.3,3958.0
5.6,-1.5,13.2,0.0,3927.0
7.4,1.6,13.8,0.0,3845.0
5.6,1.1,10.4,0.0,3610.0
1.8,-2.7,7.6,0.0,3670.0
3.3,-3.3,10.8,1.3,3670.0
1.2,-3.1,5.8,0.2,3670.0
4.7,-1.5,11.9,0.9,3657.0
7.8,2.3,15.1,0.6,3546.0
7.2,2.1,15.3,0.0,3411.0
8.2,3.6,13.2,1.2,3459.0
3.8,-0.4,10.0,0.6,3595.0
3.4,-2.7,10.2,0.0,3595.0
7.8,1.1,14.6,0.0,3595.0
6.0,0.3,12.1,1.0,3582.0
0.8,-2.7,6.0,0.3,3552.0
1.1,-3.5,5.9,2.1,3552.0
0.3,-3.8,5.0,0.1,3709.0
4.0,-5.0,11.4,0.5,3679.0
1.6,-4.7,9.8,0.0,3679.0
-0.8,-7.4,4.8,0.1,3679.0
3.7,0.9,5.8,11.9,3633.0
0.8,-5.0,5.7,0.0,3509.0
-6.0,-8.7,-2.4,0.1,3573.0
-5.0,-10.0,0.0,0.0,3616.0
0.0,-4.9,4.7,0.8,3616.0
1.0,-4.6,8.1,0.0,3616.0
5.5,-1.6,11.3,0.0,3616.0
4.8,-0.4,11.8,0.0,3616.0
3.6,-1.9,11.0,0.0,3616.0
3.7,-1.1,10.6,0.0,3408.0
1.8,-3.7,7.9,0.0,3455.0
-6.8,-9.5,-2.7,0.0,3398.0
-7.1,-11.0,-3.1,0.4,3398.0
-5.3,-9.6,-1.0,0.9,3398.0
-1.4,-6.6,3.6,0.6,3576.0
0.6,-3.4,4.7,3.8,3576.0
-2.2,-5.8,1.8,0.2,3576.0
-2.8,-6.4,1.0,4.0,3599.0
-6.1,-9.3,-2.3,1.0,3601.0
-5.0,-10.4,0.7,0.4,3601.0
-3.5,-9.5,3.6,0.0,3601.0
-3.3,-8.5,1.8,1.8,4252.0
-2.0,-6.8,2.2,0.0,4168.0
-0.7,-4.0,2.5,0.0,4376.0
-4.1,-7.3,-0.5,0.1,4609.0
-5.5,-10.8,0.6,0.0,4609.0
-2.6,-10.0,3.4,0.0,4609.0
-2.9,-8.2,1.4,0.0,4609.0
-6.6,-11.8,-0.8,0.0,4399.0
-3.6,-9.5,1.5,0.4,4423.0
-5.1,-9.2,-1.1,0.0,4495.0
-5.6,-11.6,1.4,0.0,4521.0
-2.7,-9.5,3.5,0.1,4521.0
-7.7,-13.0,-1.8,0.2,4521.0
-10.1,-14.8,-5.2,0.1,4521.0
-7.1,-13.2,-0.6,0.0,4832.0
-5.0,-10.6,0.5,0.0,4888.0
-4.2,-8.6,0.8,0.0,5083.0
-5.4,-9.3,-0.9,0.0,4551.0
-5.0,-9.6,0.8,0.0,4451.0
-3.2,-8.9,3.0,0.0,4451.0
-2.1,-6.6,2.7,1.4,4451.0
-4.7,-8.2,-1.4,0.3,5104.0
-6.0,-10.7,-0.3,0.0,5251.0
-5.9,-10.5,-0.4,0.0,5075.0
-5.8,-10.5,-0.5,0.0,5234.0
-4.5,-8.2,0.4,0.0,5234.0
-6.5,-10.5,-2.0,0.2,5234.0
-7.3,-11.8,-2.8,0.2,5234.0
-4.8,-11.9,1.3,0.0,5221.0
-0.2,-6.7,7.2,0.0,5134.0
1.5,-3.9,8.9,0.0,5134.0
1.0,-5.2,8.7,0.0,5134.0
1.9,-3.7,8.8,0.0,5134.0
1.4,-3.4,8.5,0.0,5134.0
2.5,-3.3,8.6,0.0,5134.0
2.0,-2.9,7.6,0.0,4859.0
2.6,-0.7,6.3,1.3,4843.0
0.8,-2.9,5.5,0.0,4815.0
-1.0,-4.6,3.1,0.3,4744.0
-0.8,-4.8,4.0,4.5,4727.0
-3.5,-7.2,0.7,1.9,4727.0
-3.7,-9.8,2.5,0.0,4727.0
-2.4,-5.5,0.9,3.4,4626.0
-1.3,-7.3,5.6,0.0,4651.0
0.8,-6.3,7.7,1.5,4893.0
1.6,-0.8,4.4,3.8,4893.0
1.3,-3.9,8.1,0.0,4834.0
2.3,-3.8,9.7,0.0,4834.0
4.1,-2.8,11.9,0.0,4834.0
4.2,-1.4,11.6,0.0,4841.0
4.0,-2.6,12.4,0.0,4847.0
4.8,-2.0,13.7,0.0,4699.0
7.4,-0.4,16.0,0.0,4791.0
4.8,-0.8,10.7,0.0,4770.0
5.5,-2.7,12.8,0.1,4770.0
6.1,4.1,8.6,43.0,4770.0
4.9,3.4,7.2,3.8,4710.0
2.5,-0.4,5.6,3.2,4710.0
0.0,-3.3,4.3,0.0,4763.0
-0.8,-5.4,4.1,0.0,4590.0
0.7,-4.6,6.8,0.0,4688.0
2.5,-3.8,9.0,0.0,4688.0
4.9,-0.6,10.8,0.0,4688.0
3.5,-0.1,7.6,0.0,4750.0
3.0,-2.9,9.0,0.0,4798.0
2.0,-2.0,6.7,0.0,4544.0
2.7,-3.5,8.6,0.0,4596.0
5.0,-1.5,12.0,0.0,4629.0
7.6,0.4,15.4,0.0,4629.0
9.8,2.4,18.1,0.0,4629.0
9.1,3.9,16.1,0.0,4693.0
4.1,-0.6,8.9,0.0,4761.0
1.3,-2.4,5.9,0.0,4743.0
2.1,-3.5,8.4,0.0,4846.0
5.8,-3.6,13.8,0.0,4824.0
10.5,4.3,16.4,0.0,4824.0
7.1,4.5,11.3,15.2,4824.0
7.9,4.1,13.1,0.6,4824.0
3.6,0.1,7.7,0.4,4824.0
2.8,-3.0,8.7,0.0,4824.0
4.8,-0.4,10.6,2.8,4776.0
3.1,-0.5,7.1,0.3,4662.0
3.2,-2.9,9.3,0.0,4662.0
5.5,-2.5,11.9,0.0,4662.0
6.2,1.0,11.9,0.4,4550.0
5.1,-1.2,11.2,0.0,4530.0
7.9,0.4,15.7,0.0,4486.0
9.7,1.6,19.0,0.0,4341.0
10.9,1.5,19.8,0.0,4341.0
8.9,4.7,14.0,0.1,4341.0
7.2,2.8,12.1,2.6,4341.0
7.8,1.1,15.3,0.0,4265.0
9.1,0.5,18.2,0.0,4073.0
11.0,1.3,18.9,0.7,4057.0
11.7,9.1,14.4,17.1,3783.0
11.7,7.1,17.4,3.3,3783.0
10.5,3.4,18.1,0.0,3783.0
12.3,4.5,19.9,0.5,3783.0
10.1,5.1,15.4,2.7,3905.0
10.2,1.4,18.3,0.0,3905.0
12.1,3.6,20.2,0.0,3961.0
13.2,4.3,21.2,0.0,3808.0
16.2,9.8,23.5,0.1,3708.0
11.5,6.1,18.8,0.1,3708.0
11.3,4.0,18.7,0.0,3708.0
7.9,5.1,11.8,2.7,3654.0
9.2,4.2,15.1,0.7,3329.0
10.8,2.8,18.5,0.0,3126.0
13.4,5.4,20.3,0.0,2406.0
10.7,8.7,13.9,26.8,2360.0
10.7,6.3,15.8,0.0,2360.0
10.4,5.0,16.0,0.4,2360.0
12.9,6.3,18.8,0.3,2304.0
12.4,9.8,15.3,11.9,2225.0
12.1,8.2,16.8,2.4,2243.0
10.2,5.9,15.4,0.7,2117.0
13.3,4.1,19.9,0.6,1978.0
17.0,13.3,21.3,37.3,1978.0
15.1,11.2,18.7,2.3,1978.0
15.3,9.5,21.9,0.0,1889.0
16.0,10.8,22.5,0.0,1769.0
14.4,7.4,21.3,0.0,1735.0
15.1,8.5,21.8,0.0,1735.0
14.9,9.5,19.3,1.1,1650.0
17.9,13.7,24.2,1.2,1650.0
18.4,12.3,25.5,0.0,1650.0
19.7,14.1,24.6,5.7,1594.0
18.5,15.2,22.6,41.3,1594.0
15.8,14.0,18.1,46.4,1611.0
15.1,11.6,19.3,2.9,1593.0
16.2,10.0,22.2,0.0,1585.0
17.6,11.1,24.3,0.0,1585.0
17.7,9.3,25.6,0.0,1585.0
16.6,11.2,22.5,0.0,1590.0
16.2,8.6,23.5,0.0,1349.0
18.9,10.4,26.1,0.0,1313.0
20.4,15.0,25.8,0.1,1217.0
20.2,16.4,24.5,3.3,1220.0
17.5,14.3,22.1,4.4,1220.0
16.9,13.0,22.1,1.8,1220.0
15.7,12.0,20.4,3.5,1282.0
18.0,9.8,26.1,0.0,1272.0
18.8,13.2,24.8,0.0,1263.0
16.3,14.3,19.0,6.2,1150.0
16.7,14.0,20.1,0.7,1142.0
18.6,13.5,24.9,0.0,1142.0
19.5,13.9,26.1,0.0,1142.0
19.0,13.6,25.2,0.0,1192.0
17.2,15.3,20.0,2.0,1196.0
17.6,14.5,22.2,11.6,1169.0
18.5,14.7,24.3,0.0,1212.0
19.6,14.2,26.1,0.0,1212.0
20.8,16.5,26.0,0.1,1212.0
21.5,16.1,28.3,0.0,1212.0
21.3,14.6,27.8,0.0,1212.0
21.5,15.1,28.3,0.0,1250.0
22.1,15.7,28.8,0.4,1236.0
21.2,17.3,25.6,0.3,1227.0
21.2,17.7,25.1,2.8,1222.0
22.9,17.0,29.6,1.4,1222.0
22.2,17.6,28.3,0.8,1222.0
20.7,16.8,25.8,0.1,1211.0
21.3,15.8,27.4,0.0,1211.0
21.7,17.0,27.2,0.1,1216.0
22.6,17.2,28.5,0.0,1292.0
22.0,16.6,28.1,0.0,1287.0
22.3,18.2,27.3,1.5,1287.0
23.1,17.1,29.5,0.0,1287.0
23.3,17.5,29.9,0.8,1201.0
24.8,18.5,31.5,0.1,1167.0
23.8,20.9,27.3,22.1,1178.0
25.2,22.5,28.4,21.6,1178.0
22.1,19.8,25.5,52.1,1179.0
19.7,18.4,21.8,54.1,1179.0
20.6,18.3,23.2,48.3,1179.0
21.7,18.6,25.2,3.4,1200.0
23.8,18.4,29.6,4.7,1199.0
24.7,21.8,28.8,34.0,1189.0
24.6,21.9,28.2,19.4,1318.0
25.1,21.9,29.6,0.8,1385.0
26.0,22.2,30.7,2.1,1385.0
24.2,22.1,26.5,49.1,1385.0
24.3,20.5,29.0,9.0,1465.0
24.2,19.0,30.4,0.0,1492.0
22.8,19.5,27.0,4.2,1614.0
23.2,20.9,25.7,21.8,1653.0
24.4,22.5,27.3,22.6,1718.0
23.2,21.2,26.1,84.4,1718.0
23.2,21.0,26.6,57.2,1718.0
23.2,20.7,27.0,20.6,1734.0
24.0,21.8,26.8,30.7,1786.0
24.9,22.8,27.2,8.9,1923.0
25.3,23.3,28.6,20.4,2158.0
26.1,23.2,30.1,6.8,2198.0
26.2,22.8,30.5,9.3,2198.0
26.4,22.6,31.4,2.9,2198.0
27.1,22.8,32.0,0.1,2287.0
27.5,23.7,31.8,0.7,2287.0
26.7,22.4,31.8,0.0,2331.0
24.4,20.8,28.9,1.4,2648.0
23.0,20.1,26.6,3.6,2743.0
24.5,21.4,29.1,2.1,2743.0
23.9,22.1,27.0,14.1,2743.0
24.6,21.6,28.6,6.0,3003.0
26.0,22.6,29.8,17.5,3075.0
26.2,24.0,29.0,55.6,3155.0
26.9,24.0,30.7,12.1,3435.0
26.9,23.9,31.4,7.7,3548.0
26.4,23.7,30.6,6.5,3548.0
25.7,23.2,29.2,13.3,3548.0
25.2,23.3,28.2,33.6,3723.0
25.5,23.3,28.8,13.0,3764.0
26.3,23.4,30.6,9.3,3975.0
26.9,23.4,31.8,2.9,3979.0
27.9,23.3,33.2,0.1,3976.0
27.4,24.1,31.8,2.5,3976.0
27.5,24.4,30.8,32.9,3976.0
26.6,23.9,29.9,28.8,4294.0
25.1,23.3,27.5,35.9,4294.0
26.0,23.9,29.3,11.9,4294.0
27.0,24.1,31.5,5.9,4430.0
26.3,23.9,30.2,15.6,4043.0
26.0,23.5,29.7,6.4,4043.0
26.1,23.5,30.6,4.4,4043.0
26.2,23.3,30.1,1.7,4043.0
26.5,23.7,30.6,12.6,3913.0
25.3,23.6,28.1,25.6,3930.0
24.7,22.2,28.7,5.6,3930.0
22.9,20.7,25.5,3.5,3993.0
21.1,19.1,23.7,15.0,3993.0
22.5,18.3,27.9,2.9,3993.0
21.7,18.6,25.7,2.0,3993.0
21.7,17.9,25.7,3.3,4047.0
22.4,19.4,25.9,2.0,3973.0
23.4,20.1,27.5,0.4,4109.0
23.9,21.0,27.7,1.4,4098.0
25.0,21.8,29.5,0.8,4098.0
25.2,21.3,30.2,0.0,4098.0
25.8,21.9,31.0,1.4,4098.0
25.7,22.4,30.9,0.7,4048.0
26.0,22.1,31.8,0.0,4223.0
25.8,21.1,32.1,0.0,4309.0
25.2,20.6,30.3,0.5,4182.0
24.7,20.9,29.5,0.2,4182.0
23.3,19.4,28.3,2.1,4182.0
22.4,18.3,28.1,1.9,3731.0
21.8,16.7,28.3,0.1,3650.0
21.3,14.8,27.9,0.0,3561.0
21.8,18.7,25.8,0.1,3415.0
20.8,18.8,23.9,1.6,3485.0
19.8,18.1,22.1,16.2,3485.0
21.6,19.1,24.6,24.5,3485.0
23.7,21.1,28.2,4.0,3485.0
24.5,21.3,29.5,0.1,3485.0
24.9,21.3,30.5,0.0,3757.0
24.8,20.4,31.1,0.0,3643.0
25.2,20.6,31.5,0.0,3698.0
24.8,21.0,30.0,3.3,3698.0
21.6,19.0,25.3,3.6,3698.0
18.0,15.7,20.5,0.6,3521.0
17.4,13.5,21.5,0.1,3424.0
17.3,12.1,23.2,0.0,3422.0
16.7,10.4,24.0,0.0,3176.0
17.5,11.1,25.3,0.0,2858.0
18.1,11.9,25.5,0.0,2858.0
18.4,12.5,25.8,0.0,2858.0
18.4,12.2,26.5,0.0,2651.0
18.4,11.2,26.4,0.0,2472.0
18.5,13.7,23.5,0.0,2538.0
17.9,16.0,20.2,12.4,2219.0
16.9,11.8,21.5,0.2,2308.0
13.4,8.7,19.3,0.0,2308.0
12.9,8.2,18.7,0.0,2308.0
12.3,6.0,20.1,0.0,2308.0
13.9,6.5,21.9,0.0,2463.0
15.6,11.0,22.5,0.0,2466.0
15.6,9.9,22.3,0.0,2183.0
14.1,7.9,21.7,0.0,2292.0
14.5,8.2,22.7,0.0,2292.0
15.5,9.1,23.1,0.0,2292.0
16.5,10.5,24.5,0.0,2289.0
16.1,10.8,23.8,0.0,2378.0
15.0,8.5,21.5,0.0,2345.0
16.7,10.9,24.6,0.0,2177.0
14.4,12.4,16.1,9.8,2220.0
15.7,11.8,20.6,5.3,2220.0
15.5,10.8,20.4,0.4,2220.0
13.0,7.2,19.1,0.0,2376.0
9.8,3.3,17.9,0.0,2299.0
12.3,4.1,21.1,0.0,2282.0
15.0,9.1,21.4,0.0,2250.0
15.9,11.5,20.1,9.1,2225.0
15.2,11.9,19.0,22.0,2225.0
14.7,10.1,19.7,0.0,2225.0
14.2,11.0,17.0,1.9,2207.0
8.6,3.8,13.5,0.0,2208.0
8.0,1.0,16.5,0.0,2208.0
10.8,3.5,19.4,0.0,2209.0
13.0,7.7,20.2,0.0,2217.0
13.3,10.0,17.1,2.3,2217.0
14.1,9.8,19.6,0.3,2217.0
13.2,7.3,21.2,0.0,1999.0
14.9,8.1,22.3,0.0,1973.0
16.3,12.5,22.1,0.1,1959.0
17.2,12.1,23.8,0.0,1921.0
18.7,14.0,23.8,2.3,1900.0
18.9,16.2,23.4,21.1,1900.0
16.2,14.5,19.0,9.0,1900.0
15.5,13.3,19.2,0.3,1834.0
14.3,11.8,17.6,1.1,1796.0
13.7,11.4,16.6,0.8,1741.0
13.4,10.1,16.9,0.1,1611.0
12.4,9.3,16.6,1.9,1480.0
11.7,7.7,17.0,0.0,1480.0
11.7,7.5,17.0,0.0,1480.0
8.0,3.5,13.5,0.0,1470.0
7.0,1.7,14.0,0.0,1415.0
9.1,1.7,17.0,0.0,1342.0
11.9,6.8,15.7,1.0,1197.0
14.5,11.4,17.5,20.6,1168.0
13.2,7.6,18.1,6.3,1168.0
3.9,0.9,7.7,0.0,1168.0
2.7,-1.8,8.4,0.0,1146.0
5.0,-1.1,9.2,0.2,1131.0
5.5,1.9,10.4,5.2,1135.0
1.9,-1.7,5.9,0.0,1122.0
2.9,-1.8,9.3,0.0,1129.0
5.9,-0.9,12.5,0.0,1129.0
10.7,5.2,17.5,0.1,1129.0
12.0,7.8,18.2,0.4,1101.0
11.8,8.2,16.6,2.4,1093.0
8.0,5.0,11.5,29.7,1106.0
6.0,4.3,8.2,1.6,1106.0
6.5,3.0,9.4,2.6,1106.0
6.3,3.2,9.6,7.0,1106.0
4.9,0.9,9.0,0.0,1106.0
2.8,-1.7,8.2,0.0,1189.0
4.6,1.6,9.2,0.2,1181.0
5.7,2.4,9.1,0.0,1181.0
3.3,-0.5,7.4,1.7,1141.0
-0.6,-3.0,2.7,1.5,1132.0
-0.5,-4.7,3.4,0.5,1132.0
3.5,-0.5,7.0,0.0,1132.0
4.4,-0.5,9.5,0.0,1149.0
2.2,-3.4,9.8,0.0,1133.0
3.9,-2.8,10.0,0.0,1133.0
0.1,-3.9,5.3,0.0,1193.0
-3.7,-6.4,-0.3,0.5,1214.0
-3.4,-8.1,1.5,0.0,1214.0
-0.6,-4.9,4.3,0.0,1214.0
-1.1,-6.0,4.7,0.0,1241.0
-0.2,-5.8,5.5,0.0,1241.0
2.4,-1.9,6.7,0.1,1241.0
-1.6,-6.6,3.5,0.1,1316.0
-4.4,-9.3,1.0,0.3,1308.0
-3.1,-7.2,1.2,0.8,1308.0
-4.1,-7.9,0.0,0.1,1308.0
-4.8,-9.0,0.2,0.0,1251.0
-3.3,-9.1,3.8,0.0,1282.0
-0.5,-6.3,5.9,0.1,1323.0
0.2,-4.5,5.4,0.3,1338.0
-2.1,-6.7,4.6,0.0,1326.0
-1.2,-7.1,3.8,0.0,1326.0
-0.3,-4.7,3.8,0.4,1326.0
-2.8,-7.5,2.6,0.0,1319.0
-1.9,-5.8,2.8,0.7,1319.0
-4.0,-6.6,-1.0,0.8,1319.0
-4.1,-8.7,1.5,0.0,1338.0
-2.6,-7.8,3.7,0.0,1338.0
-3.3,-9.0,4.1,0.0,1338.0
-1.9,-8.2,4.7,0.0,1338.0
0.1,-4.0,4.9,0.0,1350.0
0.0,-3.7,4.5,0.0,1347.0
-3.0,-7.6,0.7,0.0,1340.0
-3.4,-9.6,2.2,0.0,1192.0
-0.2,-4.8,5.3,0.0,1194.0
-1.0,-6.6,4.9,0.0,1194.0
-0.6,-3.9,3.8,0.0,1194.0
1.2,-4.0,7.3,2.0,1190.0
2.8,-1.2,8.6,0.2,1240.0
2.4,-1.8,7.3,0.4,1240.0
4.8,1.7,7.4,5.9,1288.0
5.9,3.5,8.9,1.4,1374.0
3.8,1.4,6.7,1.5,1374.0
-1.7,-6.2,2.5,0.0,1374.0
-6.3,-9.6,-2.3,0.0,1374.0
-5.8,-10.6,-0.7,0.2,1374.0
-5.9,-9.7,-2.0,0.7,1377.0
-3.3,-10.9,3.2,0.0,1427.0
0.1,-4.9,6.1,0.1,1431.0
0.2,-3.8,5.7,0.0,1431.0
-0.9,-5.8,4.8,0.0,1431.0
-2.8,-7.1,2.4,0.0,1386.0
-2.3,-9.2,3.4,3.3,1374.0
-6.5,-10.6,-0.4,0.3,1510.0
-10.2,-13.9,-5.7,0.1,1522.0
-7.0,-13.7,-0.9,0.0,1522.0
-1.9,-7.5,4.1,0.1,1522.0
-0.6,-5.2,5.6,0.0,1522.0
1.2,-4.3,6.2,1.6,1488.0
-3.7,-8.5,3.0,0.0,1511.0
-6.3,-11.1,-1.6,0.4,1576.0
-3.0,-8.8,1.7,0.2,1598.0
-1.4,-6.2,3.7,0.0,1629.0
-2.4,-8.0,3.6,0.0,1629.0
0.0,-7.2,6.7,0.0,1629.0
2.3,-0.9,6.5,0.5,1679.0
3.4,-0.8,9.0,3.4,1676.0
2.1,-1.0,7.0,0.0,1732.0
0.3,-3.7,4.9,0.0,1779.0
-3.6,-6.5,0.1,0.1,1811.0
-4.8,-9.0,-0.3,0.1,1811.0
-3.3,-9.1,2.7,0.0,1811.0
-0.6,-8.4,7.0,0.0,1862.0
0.8,-4.5,6.3,0.7,1866.0
4.4,-2.2,10.7,0.0,2176.0
5.7,1.1,10.8,0.0,2398.0
4.5,-0.4,9.4,0.3,2395.0
2.2,-0.5,5.3,1.0,2395.0
-0.1,-3.1,4.3,0.6,2395.0
-0.3,-6.4,6.8,0.0,2562.0
1.6,-4.3,7.0,0.6,2636.0
4.6,-2.2,12.1,0.1,2662.0
7.3,0.9,14.5,0.0,2662.0
5.8,4.1,7.9,2.1,2748.0
6.2,2.4,10.6,0.5,2748.0
5.6,2.7,8.4,4.4,2748.0
5.3,3.6,7.0,15.7,2829.0
4.9,2.3,7.9,3.6,2926.0
4.5,0.6,9.9,0.0,2953.0
3.9,-0.4,9.5,0.0,2996.0
3.9,-1.2,9.6,0.5,2971.0
4.5,0.7,9.6,0.1,2971.0
0.3,-2.8,3.4,0.0,2971.0
-0.3,-5.0,5.1,0.0,2993.0
1.6,-4.9,8.2,0.0,3011.0
4.5,-2.7,11.0,0.0,3133.0
6.1,-0.2,12.9,0.0,3201.0
7.2,3.4,11.2,5.4,3253.0
9.3,6.7,13.4,1.9,3253.0
7.3,2.6,12.4,1.2,3253.0
3.9,-0.8,9.5,0.0,3290.0
3.9,-1.9,10.0,0.0,3330.0
5.3,-2.2,12.7,0.0,3322.0
6.6,2.3,10.4,7.6,3302.0
6.0,3.7,8.3,19.0,3290.0
4.8,2.2,8.8,1.2,3290.0
4.4,1.0,8.8,0.0,3290.0
4.6,-1.3,10.8,0.0,3337.0
8.1,-0.7,15.6,0.0,3337.0
9.9,3.7,17.4,0.0,3330.0
11.9,1.8,18.9,0.6,3331.0
12.0,7.8,15.5,25.0,3353.0
7.0,2.8,11.8,0.1,3353.0
5.5,-0.2,11.7,0.0,3353.0
10.1,1.3,16.9,5.7,3352.0
6.7,2.8,13.3,24.0,3325.0
8.7,0.7,15.7,0.0,3318.0
8.3,3.0,14.2,0.0,3300.0
6.3,0.7,12.3,0.0,3363.0
6.8,0.0,13.8,0.0,3363.0
13.3,2.7,21.0,0.0,3363.0
16.0,10.7,22.4,0.0,3355.0
13.7,10.1,18.0,4.8,3399.0
12.5,7.8,17.6,2.2,3399.0
10.8,3.8,17.1,0.0,3385.0
10.5,7.4,14.7,0.7,3425.0
12.7,6.2,20.1,0.0,3425.0
14.7,7.6,23.3,0.0,3425.0
13.3,6.9,21.1,0.0,3468.0
11.9,4.8,19.2,0.0,3495.0
13.5,5.7,21.2,0.0,3494.0
13.6,8.6,19.2,1.9,3473.0
15.0,11.5,19.6,0.7,3471.0
12.6,10.7,15.0,57.6,3471.0
12.4,9.5,16.4,4.1,3471.0
15.7,8.8,22.8,0.1,3452.0
19.0,11.1,27.2,0.0,3462.0
14.7,11.4,18.9,28.6,3458.0
13.1,8.2,18.1,0.5,3451.0
14.5,5.4,23.1,0.0,3461.0
16.9,8.6,24.9,0.0,3461.0
16.8,11.0,22.1,0.0,3461.0
18.7,12.9,23.7,0.3,3462.0
18.8,14.7,23.2,5.6,3462.0
19.0,15.6,23.7,1.2,3360.0
17.4,13.4,22.8,1.5,3384.0
18.9,12.0,26.1,0.1,3260.0
19.6,13.3,26.2,0.1,3260.0
17.7,10.6,25.0,0.0,3260.0
18.4,10.7,26.5,0.0,3199.0
18.9,12.5,27.0,1.1,3058.0
18.4,12.6,26.1,0.1,2931.0
15.9,12.2,20.8,0.2,2764.0
14.5,12.4,17.8,0.1,2695.0
15.5,11.3,20.9,0.0,2695.0
16.9,12.2,22.4,0.0,2695.0
15.6,14.0,17.1,17.6,2632.0
17.5,13.1,22.9,0.5,2613.0
17.3,11.4,23.7,0.1,2540.0
16.1,11.2,21.8,1.3,2587.0
16.7,9.3,24.6,0.0,2576.0
17.8,11.0,24.6,0.0,2576.0
19.0,11.6,26.9,0.0,2576.0
19.4,12.3,26.7,0.0,2586.0
20.0,12.5,27.7,0.0,2551.0
20.7,14.6,28.1,0.0,2512.0
19.7,14.8,25.4,0.3,2366.0
19.9,15.3,26.1,0.3,2346.0
19.7,12.7,27.4,0.0,2346.0
20.4,13.0,27.6,0.3,2346.0
19.7,14.9,25.8,1.3,2346.0
20.4,15.1,26.7,0.1,2304.0
18.7,16.6,21.9,3.5,2288.0
19.6,15.5,25.5,1.1,2305.0
19.8,14.3,25.8,0.0,2310.0
20.3,16.4,26.5,1.5,2310.0
20.9,14.6,27.7,0.0,2310.0
21.6,15.6,27.5,0.2,2298.0
23.1,18.7,28.8,0.0,2294.0
22.7,18.5,28.0,0.0,2294.0
22.7,17.9,28.8,0.0,2165.0
20.1,18.0,23.5,7.7,2158.0
21.6,17.6,27.0,0.0,2158.0
22.1,17.5,27.9,1.1,2158.0
21.5,17.9,26.3,0.2,2142.0
22.0,17.9,27.6,2.2,2093.0
21.4,17.7,26.4,1.4,2130.0
21.5,17.4,26.6,0.0,2139.0
20.4,18.1,23.0,4.5,2066.0
22.2,17.5,27.7,0.3,2066.0
23.2,17.8,29.2,0.0,2066.0
22.2,18.5,27.1,3.3,2041.0
22.9,18.8,28.9,7.2,2068.0
22.6,18.3,27.7,0.2,2060.0
23.5,18.9,29.8,0.1,2060.0
23.1,18.4,28.9,0.1,2060.0
23.8,19.2,29.8,1.0,2060.0
23.3,19.6,27.1,0.8,2060.0
22.7,18.2,27.7,0.0,2116.0
21.7,18.6,25.5,0.4,2239.0
21.4,18.7,25.0,0.2,2358.0
22.8,18.1,28.0,0.0,2510.0
23.5,19.4,28.7,4.6,2597.0
23.3,20.9,26.0,37.4,2597.0
23.4,20.4,27.7,0.5,2597.0
24.0,19.9,29.2,0.1,2689.0
24.6,20.4,29.3,1.1,2782.0
25.4,22.0,29.6,0.3,2793.0
23.9,22.3,26.1,25.2,2960.0
23.2,21.0,25.5,64.0,2978.0
23.0,19.6,28.1,2.1,2978.0
24.0,19.3,29.7,0.0,2978.0
24.9,20.0,30.7,0.0,2996.0
24.0,20.9,27.8,6.4,2991.0
24.1,21.9,27.3,33.2,2921.0
25.0,21.1,29.1,0.8,2716.0
24.8,21.9,29.0,23.6,2675.0
23.3,21.3,25.8,25.1,2675.0
22.4,20.3,25.1,48.2,2675.0
23.0,20.4,26.5,0.6,2671.0
23.5,21.2,26.3,8.0,2659.0
25.4,22.7,28.6,14.1,2686.0
25.6,23.1,29.2,27.9,2850.0
26.1,22.8,30.8,0.2,2849.0
26.1,22.3,31.0,0.1,2849.0
25.6,23.3,29.0,3.9,2849.0
27.3,23.8,31.8,0.7,2800.0
28.0,24.1,33.1,0.0,2806.0
28.0,23.6,33.4,0.0,2773.0
27.9,23.3,33.4,0.0,2775.0
28.0,23.6,33.2,0.0,2809.0
28.2,23.8,33.6,0.0,2809.0
28.7,24.1,34.0,0.0,2809.0
28.8,24.4,33.8,1.2,2837.0
28.9,24.7,34.3,0.1,2772.0
29.4,24.3,34.9,0.0,2764.0
28.8,25.5,32.9,0.3,2522.0
28.8,24.9,33.6,0.0,2533.0
28.8,24.3,34.3,0.0,2533.0
29.2,23.6,35.3,0.0,2533.0
29.0,24.4,34.5,1.2,2550.0
28.2,24.0,33.5,0.2,2600.0
27.0,22.3,32.4,0.0,2752.0
27.2,23.0,32.7,0.2,2883.0
25.3,23.1,29.0,8.0,2891.0
26.9,22.7,31.8,0.8,2891.0
26.2,23.7,30.2,26.8,2891.0
25.5,23.2,28.8,35.0,2984.0
25.4,22.4,29.1,6.2,3033.0
26.5,23.5,30.2,42.8,3033.0
25.6,23.1,29.3,21.1,2972.0
26.9,23.4,31.8,2.7,2970.0
27.6,24.6,31.8,2.6,2970.0
28.2,25.3,32.2,1.5,2970.0
26.8,24.8,29.3,17.7,2991.0
26.7,24.0,31.3,17.4,2977.0
23.6,21.7,26.7,29.4,2977.0
22.4,20.6,24.7,38.5,2995.0
22.4,20.6,24.4,40.8,2968.0
25.6,22.0,30.6,3.4,2968.0
27.0,22.8,32.2,0.0,2968.0
27.1,23.1,30.8,1.9,3023.0
25.9,23.4,28.6,38.3,3058.0
26.2,23.2,30.3,2.6,3179.0
22.3,19.6,25.4,67.5,3406.0
22.6,18.3,27.7,1.7,3394.0
22.9,19.1,28.1,0.5,3394.0
23.3,19.9,28.4,0.3,3394.0
23.7,19.9,29.0,0.1,3395.0
23.1,19.8,27.0,23.3,3423.0
22.8,18.2,28.0,9.9,3457.0
20.8,15.7,27.2,0.0,3393.0
21.9,15.7,27.5,8.7,3366.0
21.9,18.8,26.4,33.3,3366.0
19.9,18.0,22.8,7.9,3366.0
21.0,17.3,26.3,10.4,3434.0
20.9,16.1,26.9,0.0,3479.0
21.1,16.5,26.3,0.0,3495.0
21.3,19.3,23.9,5.8,3492.0
19.8,17.6,22.7,4.3,3490.0
19.8,16.8,23.6,2.9,3490.0
18.8,17.3,20.7,46.6,3490.0
18.8,17.4,20.9,95.5,3462.0
20.7,17.2,25.4,0.1,3507.0
19.6,15.5,25.1,0.3,3622.0
18.9,14.1,25.4,0.0,3747.0
18.7,14.1,24.9,0.0,3784.0
19.1,14.2,25.8,0.1,3784.0
19.3,14.1,26.2,0.0,3784.0
19.1,13.5,26.2,0.0,3999.0
19.2,13.6,26.2,0.0,3851.0
18.8,13.4,25.0,0.0,3784.0
18.8,15.2,23.7,0.0,3817.0
18.6,14.4,24.5,1.6,3849.0
16.6,12.4,21.7,0.1,3849.0
15.9,10.6,22.0,0.0,3849.0
16.7,11.1,23.7,0.0,3849.0
17.3,12.0,24.4,0.0,3938.0
17.4,11.8,24.6,0.0,3938.0
17.1,11.1,24.5,0.0,3997.0
17.5,12.3,22.8,0.0,3998.0
17.9,13.5,24.0,0.1,3998.0
16.7,11.2,23.8,0.0,3998.0
15.6,10.5,22.4,0.0,3983.0
15.2,9.2,21.9,0.0,3909.0
15.4,10.5,21.9,1.6,3699.0
13.7,8.7,19.9,0.0,3673.0
13.4,6.6,21.9,0.0,3618.0
14.5,8.6,22.9,0.0,3618.0
15.4,9.6,23.5,0.0,3618.0
13.7,7.7,22.0,0.0,3689.0
15.6,7.7,23.0,0.0,3658.0
13.6,8.2,18.1,1.6,3571.0
10.5,4.2,17.7,0.0,3705.0
12.3,5.5,20.6,0.0,3689.0
13.6,7.0,21.2,0.1,3689.0
15.7,9.2,24.0,0.0,3689.0
14.7,10.5,20.2,26.7,3645.0
11.0,6.3,16.2,0.0,3623.0
11.6,5.9,18.2,0.0,3619.0
13.2,7.4,21.0,0.1,3468.0
14.5,8.6,22.2,0.0,3434.0
14.8,11.9,17.2,25.4,3434.0
15.4,9.8,20.6,0.0,3434.0
12.1,6.8,18.5,0.0,3372.0
10.3,5.4,15.0,0.3,3325.0
8.2,3.5,13.7,0.4,3315.0
7.2,2.6,11.8,0.1,3109.0
6.2,0.3,13.7,0.0,3035.0
8.1,0.8,16.7,0.0,3035.0
10.8,5.4,14.9,5.8,3035.0
10.4,6.9,14.8,3.0,3198.0
9.3,6.3,12.4,4.5,3134.0
9.8,6.1,14.3,0.0,3172.0
10.0,5.5,15.0,0.0,2824.0
9.8,4.9,16.2,0.0,2791.0
12.1,7.7,15.6,3.0,2791.0
10.6,6.9,15.0,18.1,2791.0
9.6,6.9,12.5,1.2,2913.0
7.3,3.9,11.2,3.1,2935.0
4.8,2.2,8.2,0.7,2886.0
4.9,0.1,11.3,0.0,2819.0
5.9,-0.5,10.9,5.7,2844.0
7.5,3.6,10.9,4.0,2844.0
4.5,-0.2,10.8,0.0,2844.0
5.3,-0.2,11.6,1.1,2820.0
3.2,-1.1,8.2,0.0,2820.0
3.7,-2.3,9.6,0.0,2765.0
6.2,0.5,12.5,0.0,2677.0
6.1,3.2,9.8,0.5,2668.0
3.3,-1.3,8.8,0.0,2668.0
3.5,-2.9,9.3,1.2,2668.0
3.8,0.7,8.0,2.8,2675.0
1.8,-2.9,7.7,0.0,2691.0
6.2,-0.9,13.2,0.8,2663.0
2.9,-1.4,8.1,0.0,2710.0
2.6,-2.4,8.6,0.1,2634.0
1.0,-3.5,5.7,0.2,2634.0
3.1,-0.7,8.4,0.6,2634.0
3.2,-1.3,8.4,3.2,2600.0
0.2,-2.7,3.7,0.1,2600.0
0.0,-3.8,5.4,6.7,2600.0
-3.8,-7.4,-0.2,0.6,2710.0
-2.1,-6.4,2.0,3.3,2925.0
-3.9,-7.6,0.1,0.9,2925.0
-6.2,-10.1,-2.2,0.4,2925.0
-5.4,-10.2,0.1,0.0,3083.0
-4.2,-9.6,2.1,0.0,3221.0
-3.6,-8.8,3.6,0.0,3339.0
-1.3,-8.4,6.7,0.0,3331.0
3.3,-1.2,6.6,25.3,3333.0
5.3,2.1,8.7,0.5,3333.0
3.3,-0.4,8.7,0.0,3333.0
2.7,-0.6,7.1,0.0,3438.0
-2.8,-5.8,0.6,0.0,3416.0
-4.2,-8.1,0.8,0.0,3416.0
-1.8,-7.3,4.4,0.0,3543.0
0.9,-2.2,3.0,6.7,3576.0
0.1,-3.2,3.1,0.0,3576.0
-4.8,-9.2,-1.3,0.4,3576.0
-6.7,-12.0,-1.4,0.1,3617.0
-4.3,-9.5,0.7,0.3,3617.0
-8.0,-12.6,-2.1,0.0,3624.0
-4.1,-11.5,2.7,0.0,3634.0
-0.7,-3.3,2.2,7.3,3624.0
0.7,-3.1,4.2,2.2,3624.0
-3.5,-8.1,1.4,1.5,3624.0
-6.1,-10.5,-1.2,0.2,3730.0
-3.2,-9.1,2.6,2.0,3730.0
-6.0,-11.2,0.0,0.4,3853.0
-9.9,-13.9,-5.1,0.0,3958.0
-9.0,-14.7,-1.9,0.0,4002.0
-5.9,-13.1,1.0,0.0,4002.0
-4.1,-8.5,2.1,0.0,4002.0
-4.0,-9.7,2.5,0.0,4007.0
-3.2,-8.7,3.2,0.0,3979.0
-5.6,-9.6,-1.5,0.0,3964.0
-6.9,-12.0,-0.8,0.0,3862.0
-4.3,-11.8,2.9,0.0,3956.0
0.3,-5.6,7.0,0.1,3956.0
-0.7,-4.7,3.9,0.0,3956.0
-0.7,-6.1,5.7,0.1,3912.0
-1.9,-7.2,4.9,0.0,3939.0
-0.7,-5.7,3.9,0.1,3883.0
-2.8,-6.2,0.3,1.9,3888.0
-3.3,-9.1,3.2,0.0,3812.0
-0.1,-5.3,5.9,0.0,3812.0
1.4,-4.7,7.0,0.0,3812.0
3.8,2.2,5.3,19.3,3793.0
3.6,2.3,5.7,2.2,3830.0
2.5,0.9,4.1,1.4,3822.0
0.9,-3.2,4.6,0.3,3719.0
-4.6,-6.7,-1.5,0.0,3719.0
-5.5,-8.9,-1.2,0.0,3719.0
-5.0,-8.8,-0.8,0.0,3719.0
-1.8,-8.7,4.4,0.0,3719.0
2.2,-3.1,8.0,0.0,3721.0
4.1,-0.9,11.0,0.0,3721.0
6.4,0.3,12.7,0.5,3702.0
8.6,4.8,12.2,31.3,3702.0
3.0,-2.0,8.1,0.0,3702.0
-0.2,-4.7,2.8,3.2,3702.0
2.0,-1.6,6.3,4.2,3702.0
0.6,-3.0,3.5,3.9,3685.0
1.1,-1.2,3.7,2.2,3771.0
-6.2,-10.9,0.0,0.1,3792.0
-8.2,-13.2,-2.5,0.0,3814.0
-5.1,-10.6,0.6,0.0,3814.0
-1.7,-7.1,3.8,0.1,3814.0
-2.8,-8.0,2.7,0.0,3814.0
-1.7,-4.4,1.7,0.3,3957.0
-0.9,-6.8,5.1,0.0,3991.0
2.1,-3.3,7.9,0.0,4014.0
1.4,-3.4,6.1,0.0,3982.0
-1.6,-7.2,4.6,0.0,3982.0
2.0,-3.2,6.3,1.9,3982.0
2.9,0.2,6.3,1.8,3973.0
-0.1,-3.4,4.0,0.5,4032.0
-1.9,-6.8,3.6,0.0,4012.0
-0.2,-5.2,5.3,0.0,4044.0
1.6,-3.5,7.1,0.6,3949.0
0.1,-5.1,5.2,0.0,3949.0
1.8,-4.1,7.7,0.0,3949.0
3.1,-3.3,10.3,0.0,4001.0
4.9,0.0,9.4,0.2,4015.0
6.1,0.8,13.1,0.0,3997.0
8.0,-1.1,16.4,0.0,3996.0
4.2,-1.2,11.2,4.9,3996.0
0.4,-3.7,5.6,0.0,3996.0
1.3,-4.1,7.4,0.0,3996.0
3.4,-2.7,10.4,0.0,3949.0
4.7,-2.6,12.9,0.0,3986.0
7.9,-1.0,16.9,0.0,3986.0
9.4,3.5,14.6,0.8,4069.0
9.8,2.5,18.3,0.0,4076.0
13.5,2.3,23.7,0.0,4076.0
5.8,0.4,13.9,0.0,4076.0
4.5,-3.2,13.1,0.0,4028.0
9.1,-0.3,16.5,1.4,4085.0
6.5,2.1,12.4,16.1,4085.0
4.3,0.3,9.7,0.0,4159.0
5.9,-1.0,13.4,0.0,4133.0
7.6,1.2,15.8,0.0,4133.0
8.9,0.3,17.6,16.0,4133.0
10.3,7.0,15.5,16.3,4080.0
10.7,5.0,15.8,0.0,4080.0
5.5,-1.1,11.9,2.3,4016.0
2.5,-4.1,9.8,0.0,3998.0
5.3,-0.5,11.3,0.0,3986.0
6.7,0.5,13.8,0.0,3986.0
6.5,1.3,12.4,0.0,3986.0
3.8,-0.1,8.7,0.8,3986.0
5.1,-2.3,12.5,0.0,3986.0
9.0,1.3,17.2,0.0,3996.0
9.9,2.7,17.3,0.0,3999.0
7.2,1.9,13.2,0.0,4023.0
6.6,0.8,12.9,0.3,4023.0
7.3,2.4,13.7,0.6,4023.0
9.2,1.1,16.8,0.0,4161.0
7.4,4.3,12.1,1.4,4161.0
10.0,3.0,17.7,0.0,4170.0
11.9,4.7,20.3,0.0,4141.0
13.1,5.1,19.9,0.3,4153.0
8.5,3.7,13.0,24.7,4153.0
5.2,1.8,9.6,1.6,4153.0
8.6,0.4,16.3,0.1,4199.0
8.2,4.2,13.1,0.3,4236.0
5.5,1.2,10.0,0.1,4256.0
7.0,1.8,12.1,0.5,4253.0
6.9,0.8,12.9,0.0,4253.0
11.8,1.1,19.8,0.0,4253.0
11.4,4.3,17.5,1.5,4253.0
7.9,0.9,14.0,0.0,4238.0
15.6,5.8,24.5,0.1,4238.0
12.1,9.2,17.3,0.3,4218.0
11.8,7.3,18.0,0.0,4218.0
9.4,3.7,15.3,0.0,3966.0
5.8,3.5,8.5,9.7,3966.0
8.8,3.1,15.2,0.0,3966.0
11.3,2.3,18.9,0.0,3974.0
10.9,8.6,14.0,22.1,3974.0
13.6,8.9,19.4,1.5,3991.0
10.8,6.6,16.4,2.2,3856.0
11.4,6.4,17.3,0.5,3704.0
11.6,4.9,19.1,0.8,3704.0
15.2,7.1,22.1,0.0,3704.0
14.6,9.4,19.1,7.5,3823.0
13.2,6.2,21.0,0.1,3752.0
11.6,6.8,17.0,0.2,3752.0
11.8,6.7,17.9,1.1,3307.0
12.5,6.3,19.2,0.9,3293.0
14.0,8.7,20.5,0.1,3293.0
15.6,7.6,23.6,0.0,3293.0
16.8,8.9,25.1,0.0,3205.0
16.1,9.7,23.1,0.0,3241.0
17.5,8.8,26.4,0.0,3218.0
18.0,11.5,24.4,3.8,3130.0
15.6,12.8,19.5,15.9,3100.0
18.1,11.9,25.5,0.0,3100.0
20.2,13.0,26.7,0.1,3100.0
20.2,13.4,28.1,0.0,3097.0
18.9,11.8,26.0,0.0,3128.0
18.9,13.8,25.3,0.0,3116.0
17.8,12.7,23.5,0.0,3009.0
16.9,10.9,23.6,0.0,3009.0
17.7,11.0,24.0,4.2,3009.0
16.5,14.1,19.9,24.4,3009.0
16.9,12.4,21.9,0.0,2944.0
17.9,9.7,26.1,0.0,2933.0
19.9,12.1,27.6,0.0,2918.0
20.7,14.1,28.5,0.0,2890.0
21.7,14.2,30.1,0.0,2874.0
21.5,15.7,28.6,0.0,2874.0
21.8,16.9,27.0,0.0,2874.0
19.5,17.6,22.2,51.8,2864.0
19.5,17.3,22.1,26.1,2859.0
18.5,15.9,21.3,0.5,2842.0
19.8,14.5,26.5,0.0,2777.0
19.6,13.2,26.3,0.0,2770.0
19.6,15.4,25.3,0.0,2770.0
19.9,13.6,26.9,0.0,2770.0
20.1,14.2,26.6,0.0,2752.0
21.8,15.4,28.6,0.0,2734.0
22.3,16.4,28.9,0.0,2723.0
22.2,17.4,28.5,0.6,2723.0
22.2,17.8,28.1,0.2,2737.0
22.1,17.6,27.1,0.0,2737.0
22.5,17.7,27.8,0.0,2737.0
22.6,17.2,27.9,0.0,2737.0
21.0,18.5,24.7,4.8,2716.0
20.7,18.9,23.5,3.4,2691.0
22.3,19.3,26.5,0.1,2650.0
22.2,19.9,25.4,1.5,2659.0
24.0,20.0,29.2,0.1,2659.0
24.2,19.2,30.1,0.0,2659.0
24.0,20.0,28.6,1.0,2693.0
22.6,21.5,24.5,46.9,2706.0
23.4,20.3,28.2,20.1,2737.0
24.4,20.1,30.0,0.0,2775.0
23.8,20.8,28.1,0.4,2788.0
23.2,20.0,27.9,1.3,2788.0
21.6,19.5,24.8,2.9,2788.0
22.9,18.4,28.3,0.0,2773.0
22.6,19.4,27.2,6.5,2774.0
23.3,19.6,28.9,5.8,2741.0
23.3,19.5,28.3,3.5,2741.0
23.6,20.1,29.0,1.6,2741.0
24.5,19.5,30.3,0.1,2741.0
25.1,20.0,30.6,0.0,2741.0
25.4,21.1,30.6,0.0,2690.0
25.7,22.3,29.4,11.5,2683.0
25.7,22.4,29.6,18.6,2657.0
25.2,22.8,27.9,22.3,2659.0
23.8,21.9,26.3,51.5,2636.0
25.0,21.8,29.9,0.0,2636.0
24.4,22.2,27.3,19.3,2636.0
26.1,23.5,29.0,14.6,2676.0
27.0,24.4,30.7,1.7,2707.0
26.9,23.9,30.8,2.3,2693.0
26.8,23.6,30.7,5.0,2701.0
26.0,23.3,29.1,6.3,2694.0
26.2,23.5,30.3,18.4,2694.0
25.9,23.3,29.6,23.6,2694.0
26.0,23.4,29.7,14.2,2690.0
27.3,23.2,31.5,0.5,2726.0
26.4,23.8,29.8,8.5,2734.0
26.4,23.2,30.8,4.7,2763.0
26.6,22.4,31.8,0.4,2816.0
27.4,23.4,32.2,1.1,2816.0
27.2,24.2,31.0,1.3,2816.0
27.3,24.5,31.6,16.6,2878.0
26.3,24.5,28.4,17.3,2889.0
26.7,23.8,30.1,4.8,2942.0
26.7,22.6,31.7,0.0,3019.0
27.0,22.6,32.4,0.0,3075.0
26.5,22.2,31.8,0.1,3075.0
26.0,23.6,28.9,11.1,3075.0
27.4,24.2,31.6,5.2,3147.0
26.3,23.2,31.3,8.5,3303.0
27.0,24.1,31.0,12.9,3365.0
27.2,23.8,32.2,3.6,3376.0
27.0,24.6,30.6,3.7,3359.0
27.2,24.5,31.9,9.1,3359.0
27.4,24.6,32.1,7.6,3359.0
27.6,24.1,32.2,4.9,3369.0
27.6,23.7,32.9,9.8,3388.0
28.9,24.3,34.3,0.0,3426.0
29.7,25.9,34.6,0.0,3450.0
29.9,25.9,34.6,2.1,3535.0
28.4,24.6,33.8,6.4,3535.0
28.8,24.3,34.7,0.2,3535.0
28.9,24.6,34.5,0.2,3575.0
28.4,24.2,33.9,0.0,3698.0
28.2,23.8,33.7,0.0,3705.0
28.4,23.6,33.8,0.1,3705.0
28.4,24.1,34.0,0.5,3801.0
28.4,24.3,33.5,0.0,3801.0
28.7,24.4,34.1,0.7,3801.0
28.4,23.9,34.1,2.5,3924.0
27.6,23.1,33.5,0.6,4080.0
27.5,23.6,32.4,1.4,4225.0
27.8,24.5,33.0,6.6,4587.0
25.4,23.6,28.0,38.7,4696.0
24.7,21.9,28.2,31.0,4696.0
24.9,20.7,30.6,2.3,4696.0
24.9,20.6,30.9,0.1,4838.0
25.1,20.0,31.0,0.0,5046.0
25.4,21.1,30.7,0.0,5142.0
25.5,21.7,29.7,23.4,5189.0
25.1,22.1,29.6,4.7,5280.0
23.3,19.7,28.1,3.7,5280.0
22.9,18.8,28.3,0.0,5280.0
22.1,17.4,27.9,0.2,5256.0
20.2,16.5,24.4,0.0,5112.0
20.6,14.7,27.1,0.0,5015.0
20.1,15.4,24.4,0.0,4954.0
19.2,17.5,21.8,5.2,4804.0
20.5,17.0,25.5,1.6,4804.0
21.4,16.7,27.9,0.0,4804.0
21.7,16.7,27.7,0.0,4643.0
22.5,18.3,27.4,3.0,4529.0
22.3,19.9,25.5,9.9,4466.0
22.5,20.4,25.6,2.9,4564.0
24.2,20.7,28.7,14.4,4577.0
22.4,20.1,25.6,40.6,4577.0
22.7,18.1,28.9,0.0,4577.0
20.4,15.2,27.1,0.1,4441.0
21.0,14.4,28.9,0.0,4477.0
22.5,16.3,30.1,0.0,4477.0
22.4,17.3,28.6,0.0,4477.0
22.4,17.3,29.2,0.0,4477.0
22.9,18.0,29.5,0.0,4477.0
22.2,18.5,27.4,1.6,4477.0
22.1,17.2,28.0,0.0,4592.0
21.8,17.8,26.3,3.8,4537.0
19.6,16.2,24.2,1.1,4359.0
17.1,12.0,23.4,0.2,4044.0
17.2,10.3,24.6,0.0,3995.0
18.2,15.0,22.0,2.1,3995.0
18.8,17.1,20.6,26.8,3995.0
20.9,18.0,25.9,7.2,3930.0
20.8,16.7,26.5,0.5,3903.0
19.4,14.7,24.4,2.4,3829.0
16.1,10.7,22.8,0.1,3829.0
16.2,9.2,24.6,0.0,3708.0
18.5,11.2,25.6,0.0,3708.0
20.9,16.9,24.7,2.7,3708.0
22.5,19.5,26.9,0.9,3542.0
20.3,18.5,22.0,30.7,3497.0
20.0,16.8,24.7,0.6,3497.0
19.9,16.5,23.9,8.2,3068.0
18.8,13.1,23.6,0.3,3017.0
15.5,9.9,22.3,0.0,3017.0
15.8,9.3,23.8,0.0,3017.0
17.3,11.0,25.2,0.0,2883.0
14.4,10.5,19.6,5.8,2846.0
11.1,6.3,17.0,0.0,2812.0
11.1,5.3,18.3,0.0,2435.0
13.0,6.8,20.6,0.0,2349.0
14.3,8.6,20.5,0.0,2349.0
15.9,11.0,22.7,0.1,2349.0
14.9,10.1,21.2,0.0,2272.0
15.1,9.7,21.0,0.2,2233.0
15.4,10.6,21.8,0.0,2199.0
14.1,9.2,20.5,0.0,2303.0
10.9,6.4,17.0,0.0,2242.0
10.0,4.7,16.7,0.0,2242.0
10.1,3.9,18.3,0.0,2242.0
10.5,4.3,18.4,0.0,2250.0
12.2,5.4,19.6,0.3,2270.0
11.9,7.2,17.9,0.0,2286.0
12.0,6.6,19.8,0.0,2273.0
14.0,7.9,21.2,0.0,2288.0
14.1,10.2,18.4,2.0,2288.0
13.4,9.4,18.6,0.1,2288.0
12.0,7.6,17.9,0.3,2350.0
11.1,5.3,19.3,0.0,2303.0
12.3,7.5,17.3,0.9,2201.0
12.8,6.7,18.4,0.5,1976.0
9.3,3.6,16.0,0.0,1961.0
11.9,7.1,16.6,12.5,1961.0
9.3,4.2,15.0,0.6,1961.0
4.9,1.2,9.4,0.0,1870.0
4.6,-0.3,10.6,0.0,1870.0
4.7,-1.2,12.3,0.0,1870.0
6.5,0.6,11.5,0.5,1804.0
8.3,3.8,14.8,0.7,1796.0
7.2,1.4,14.7,0.5,1796.0
7.1,3.0,11.2,1.4,1796.0
3.2,0.7,6.5,1.4,1845.0
3.5,0.4,6.8,0.8,1858.0
3.4,-0.3,7.9,0.1,1887.0
3.8,-1.2,9.6,0.0,1935.0
5.0,-0.3,11.3,0.0,1935.0
6.1,0.6,13.1,0.0,1935.0
8.4,2.3,13.8,14.0,1935.0
7.5,3.3,12.7,12.6,1947.0
3.5,-0.8,8.0,0.3,2036.0
1.8,-2.0,6.4,6.7,1997.0
-1.3,-4.5,2.2,1.3,2111.0
1.1,-3.3,5.9,0.5,2164.0
3.9,-1.8,10.8,0.0,2164.0
4.5,-0.2,10.8,0.0,2164.0
4.0,-1.1,9.5,0.0,2200.0
5.0,0.4,11.0,0.0,2243.0
4.6,-0.2,11.6,0.0,2218.0
5.4,-0.1,10.5,0.0,2329.0
4.2,-0.2,9.3,0.0,2367.0
3.9,-1.3,10.5,0.0,2367.0
4.5,-1.0,11.6,0.0,2367.0
5.8,2.5,9.5,8.5,2394.0
3.0,0.4,6.0,1.2,2371.0
0.9,-1.7,4.0,2.2,2378.0
1.0,-4.8,5.7,3.1,2486.0
-2.4,-5.8,2.0,0.3,2447.0
-0.5,-6.2,4.4,0.3,2447.0
-1.2,-5.2,3.8,0.0,2447.0
-1.3,-6.1,3.2,0.0,2564.0
2.0,-2.5,6.3,1.7,2419.0
4.2,0.9,8.5,0.4,2409.0
-0.2,-3.3,2.9,1.2,2548.0
-0.9,-4.2,2.4,1.2,2541.0
-0.4,-4.3,4.7,0.1,2541.0
-0.8,-5.7,4.9,0.0,2541.0
0.3,-3.6,5.4,0.0,2578.0
-0.4,-5.5,6.8,0.1,2578.0
0.8,-5.4,7.2,0.0,2578.0
1.6,-1.5,5.3,0.3,2589.0
-2.4,-5.3,0.8,0.0,2562.0
-3.9,-8.0,0.8,0.1,2562.0
-1.7,-7.3,3.2,0.3,2562.0
2.8,-2.4,7.6,0.0,2514.0
4.1,-1.8,9.1,0.0,2514.0
4.8,-0.3,9.2,0.0,2514.0
2.6,-2.2,9.1,0.0,2515.0
2.6,-3.2,10.1,0.0,2515.0
1.5,-2.8,6.9,1.2,2515.0
0.7,-3.7,6.6,0.1,2515.0
0.2,-5.1,7.6,0.0,2530.0
1.9,-4.3,7.8,0.0,2490.0
2.1,-1.4,5.3,1.8,2429.0
-4.4,-8.1,-0.6,0.0,2412.0
-3.7,-9.6,2.0,0.0,2412.0
-0.8,-5.5,4.4,0.0,2412.0
-0.4,-5.1,5.3,0.0,2412.0
-3.9,-8.4,1.5,0.0,2375.0
-3.4,-9.3,3.4,0.0,2375.0
-2.3,-8.1,4.3,0.0,2375.0
-0.9,-6.6,5.2,0.0,2316.0
-0.1,-5.0,5.9,0.0,2316.0
-0.6,-4.6,3.9,0.0,2316.0
-1.7,-8.3,4.6,0.0,2316.0
1.0,-2.2,5.5,1.5,2276.0
-2.9,-5.5,-0.1,1.4,2303.0
-2.7,-8.0,3.4,0.0,2270.0
-1.0,-7.5,7.1,0.0,2254.0
4.0,-3.5,10.7,0.0,2231.0
6.2,1.4,10.6,1.9,2231.0
0.4,-4.1,5.6,0.2,2231.0
0.7,-7.0,8.9,0.0,2242.0
3.0,-3.1,9.3,0.1,2242.0
3.0,-6.4,11.5,0.7,2262.0
6.1,1.7,10.2,1.1,2262.0
3.1,-3.1,10.8,0.0,2262.0
7.5,1.0,13.4,6.0,2262.0
8.9,5.1,14.2,0.4,2262.0
1.8,-4.5,7.3,0.0,2250.0
-4.9,-8.1,-0.7,0.0,2250.0
-3.8,-8.1,1.4,0.0,2224.0
-0.5,-4.8,4.5,0.3,2233.0
2.6,-1.8,6.7,2.8,2232.0
2.2,0.4,4.6,3.2,2232.0
0.4,-1.3,3.3,3.2,2232.0
0.1,-2.6,3.4,2.2,2223.0
0.1,-4.2,5.3,0.6,2207.0
0.9,-3.3,6.5,0.4,2308.0
1.6,-2.7,6.0,2.1,2284.0
1.9,-1.6,6.0,0.2,2284.0
1.7,-4.1,8.9,0.0,2284.0
2.7,-3.9,10.1,0.0,2284.0
4.1,0.7,8.3,2.5,2292.0
2.4,-0.7,5.6,0.5,2251.0
1.6,-2.8,6.7,0.1,2254.0
1.5,-3.8,7.5,0.0,2218.0
1.1,-4.4,7.9,0.0,2215.0
1.8,-4.5,9.2,0.0,2215.0
2.9,-3.3,10.4,0.0,2215.0
4.2,-2.5,12.0,0.0,2231.0
5.6,-1.3,13.6,0.0,2188.0
6.2,1.2,11.5,4.1,2157.0
8.6,3.4,15.5,0.2,2131.0
7.1,3.1,11.8,0.1,2142.0
6.6,4.0,9.8,2.1,2142.0
5.0,0.4,10.5,0.6,2142.0
4.3,-2.4,11.6,0.0,2121.0
5.1,-1.1,11.4,0.2,2132.0
3.1,-0.7,8.0,0.7,2104.0
1.4,-4.1,6.5,0.0,2063.0
1.3,-3.8,6.3,0.0,2043.0
2.4,-3.2,8.2,0.0,2043.0
2.5,-1.5,7.2,1.3,2043.0
2.0,-4.4,8.8,0.0,2043.0
5.0,-3.6,13.6,0.0,2026.0
5.8,0.5,9.3,23.0,1973.0
4.2,1.4,7.6,8.8,1938.0
3.3,-0.9,8.4,0.3,1938.0
6.9,-1.4,14.1,0.0,1938.0
10.6,4.2,18.0,0.0,1938.0
12.4,3.8,20.1,1.3,1937.0
12.6,7.4,18.3,0.5,1890.0
9.0,5.8,12.6,0.1,1890.0
6.4,3.0,10.7,2.7,1918.0
5.0,0.5,10.4,0.0,1898.0
7.6,-1.0,15.6,0.0,1898.0
10.2,2.4,18.3,0.0,1898.0
11.2,2.2,18.1,0.0,1898.0
14.2,11.2,18.1,9.3,1888.0
13.8,9.5,19.0,8.9,1888.0
12.7,6.4,20.6,0.0,1893.0
15.7,7.6,24.1,0.0,1866.0
14.2,11.7,17.2,10.7,1866.0
12.7,8.2,18.0,3.8,1866.0
12.0,5.5,19.8,0.0,1907.0
13.2,5.3,21.8,0.0,1943.0
14.3,6.3,22.6,0.0,1968.0
10.7,5.0,18.1,4.9,1942.0
7.0,2.8,11.9,0.8,1942.0
6.2,1.2,12.3,0.6,1942.0
8.0,2.5,13.9,0.0,1942.0
11.6,3.9,19.2,0.0,1945.0
12.2,3.9,20.7,0.0,1936.0
12.9,4.9,20.9,0.0,1946.0
12.8,7.0,20.7,0.0,1965.0
12.3,7.8,17.8,0.1,1974.0
13.4,9.4,18.1,0.1,1974.0
13.5,8.5,19.3,2.4,1974.0
13.7,5.0,22.5,0.0,1996.0
16.0,7.5,23.6,0.0,2007.0
16.3,11.0,23.0,0.0,2052.0
13.4,7.7,20.5,12.5,2052.0
13.5,10.2,18.4,0.7,2018.0
12.5,9.1,16.3,0.0,2018.0
13.6,8.5,19.9,0.0,2018.0
15.0,8.3,21.9,0.0,1996.0
14.9,8.6,22.0,0.0,1997.0
15.4,6.7,24.2,0.0,1997.0
16.6,8.5,25.2,0.0,2060.0
17.1,8.4,25.8,0.0,2028.0
17.1,9.8,23.7,0.0,2028.0
15.6,13.3,18.8,12.1,2028.0
13.6,12.4,15.4,27.2,2016.0
14.2,12.1,17.0,23.2,2004.0
14.5,11.1,19.3,1.1,1998.0
16.3,10.0,23.0,0.0,1998.0
17.4,10.1,25.8,0.2,2022.0
14.4,9.0,20.9,0.0,2022.0
13.3,7.6,20.5,1.2,2022.0
11.6,6.3,17.2,0.1,2022.0
12.7,5.6,19.8,0.0,2022.0
15.3,6.2,22.7,0.3,2022.0
15.4,10.6,20.6,2.7,1998.0
15.5,8.3,23.4,0.0,2019.0
17.2,9.2,24.7,0.0,2019.0
17.3,11.1,23.2,18.5,2019.0
17.9,14.2,22.4,15.6,2011.0
20.1,12.0,27.4,0.0,2011.0
18.5,14.4,23.6,1.6,2011.0
18.6,14.0,24.5,0.0,2034.0
19.0,11.7,26.1,0.0,1708.0
18.7,12.1,25.9,0.0,1708.0
18.6,11.6,25.8,0.0,1708.0
19.4,11.8,26.8,0.0,1728.0
18.4,14.8,23.0,4.5,1759.0
18.4,13.2,24.7,0.0,1729.0
19.5,12.7,27.0,0.0,1701.0
19.2,15.4,24.1,0.0,1688.0
21.8,15.4,28.6,0.0,1688.0
20.5,17.6,25.0,7.7,1688.0
20.5,15.3,26.0,2.3,1689.0
22.0,13.5,29.5,0.0,1694.0
21.6,16.0,28.4,1.2,1702.0
22.8,15.5,31.1,0.0,1706.0
23.6,15.2,32.1,0.0,1738.0
24.3,16.3,32.4,0.0,1738.0
23.9,18.3,29.9,0.0,1738.0
20.9,18.0,24.2,5.9,1573.0
19.1,17.2,21.3,19.8,1571.0
21.1,18.3,25.3,3.1,1571.0
20.7,18.2,23.8,1.2,1607.0
21.4,16.5,27.4,0.0,1607.0
21.0,15.8,26.6,0.2,1607.0
20.6,17.9,25.0,0.7,1607.0
20.9,17.9,25.4,0.9,1594.0
21.0,18.0,25.4,4.0,1632.0
20.4,17.6,25.2,4.8,1647.0
19.4,16.0,24.3,7.2,1750.0
20.3,16.3,25.4,1.0,1762.0
22.1,16.7,28.2,0.0,1762.0
22.6,17.0,28.7,0.0,1762.0
23.3,17.4,29.6,0.0,1769.0
22.0,19.2,26.1,1.9,1791.0
22.5,17.9,28.3,0.3,1853.0
22.6,18.0,27.9,0.3,1915.0
22.2,18.3,26.7,1.4,1924.0
21.3,19.2,24.3,2.3,1924.0
21.9,18.4,26.5,5.9,1924.0
21.1,18.3,26.0,12.4,1917.0
21.8,18.0,27.0,2.5,1959.0
22.8,18.0,28.4,0.0,1993.0
23.7,19.0,29.3,0.0,2101.0
24.0,18.8,29.9,0.0,2112.0
24.0,19.9,29.3,0.8,2112.0
23.4,18.9,28.4,0.0,2112.0
23.7,19.4,29.5,1.7,2241.0
24.6,19.5,31.1,1.5,2249.0
23.1,20.1,27.5,7.7,2288.0
21.3,19.5,23.5,25.8,2314.0
23.6,20.2,28.7,0.9,2363.0
23.1,19.5,27.3,0.8,2363.0
21.5,19.5,24.1,8.0,2363.0
23.3,19.0,28.0,0.9,2388.0
25.0,21.5,29.1,4.2,2383.0
26.1,23.4,30.4,7.2,2382.0
26.9,23.2,32.0,0.0,2542.0
26.5,21.5,32.4,0.0,2554.0
24.7,20.8,29.2,0.9,2554.0
24.0,20.9,28.4,8.0,2554.0
25.6,21.3,31.1,0.0,2518.0
24.4,21.3,28.5,2.0,2569.0
25.2,21.5,29.9,2.4,2569.0
24.3,21.7,27.6,7.7,2585.0
24.6,21.8,29.0,18.6,2641.0
25.9,22.5,31.0,9.2,2641.0
26.6,22.7,31.9,0.1,2641.0
26.7,22.4,31.7,0.0,2716.0
26.6,23.3,30.6,2.1,2753.0
26.1,23.2,29.7,10.7,2807.0
26.5,23.1,31.2,11.7,2844.0
27.9,24.2,32.6,8.8,2938.0
25.6,21.6,29.5,1.8,2938.0
23.8,19.1,29.8,0.2,2938.0
23.5,18.8,28.7,3.3,3006.0
24.5,20.6,29.4,2.7,3123.0
27.4,22.3,33.0,0.0,3113.0
27.7,23.8,34.2,5.5,3306.0
27.7,23.4,32.5,2.4,3306.0
27.0,24.0,30.6,46.0,3306.0
25.2,23.7,27.2,35.2,3306.0
24.9,23.7,27.0,9.1,3373.0
26.9,23.8,31.5,1.2,3400.0
26.0,22.9,29.9,5.8,3431.0
23.0,21.2,26.0,17.6,3431.0
23.6,20.4,27.4,3.9,3413.0
24.5,20.8,28.4,1.9,3413.0
23.4,20.6,28.0,21.6,3413.0
23.5,19.3,28.7,0.4,3394.0
24.7,19.9,30.4,0.0,3356.0
23.1,20.7,26.7,2.5,3487.0
21.0,19.5,22.8,18.2,3456.0
23.4,20.3,27.8,3.6,3456.0
24.3,20.7,29.4,0.2,3456.0
22.7,20.4,25.9,19.6,3456.0
21.6,19.8,23.9,56.9,3417.0
22.9,21.1,26.1,12.2,3342.0
23.4,21.5,26.3,13.3,3331.0
23.8,21.5,27.4,37.7,3301.0
24.4,20.4,29.5,0.9,3295.0
24.5,20.6,29.8,0.0,3295.0
24.2,21.1,28.4,5.7,3295.0
23.4,21.9,25.8,40.1,3335.0
24.2,21.3,28.6,5.6,3354.0
22.6,19.8,26.1,1.8,3386.0
22.1,18.8,26.6,1.2,3374.0
22.1,18.4,27.2,4.1,3404.0
21.9,17.3,27.5,0.0,3404.0
21.0,16.8,26.2,0.0,3404.0
22.2,16.8,28.3,0.1,3686.0
21.4,18.1,25.4,7.0,3621.0
21.5,19.0,24.4,31.7,3871.0
22.8,18.6,28.1,0.4,3998.0
23.0,17.7,29.7,0.0,3998.0
22.6,18.7,28.8,0.6,3998.0
22.9,17.7,29.4,0.0,3998.0
23.2,18.8,29.4,0.0,3998.0
22.2,17.5,28.2,0.0,3998.0
21.1,16.0,27.6,0.0,3998.0
21.5,15.8,28.2,0.0,4176.0
20.9,17.5,25.0,0.3,4229.0
21.5,16.8,27.3,0.2,4229.0
20.8,15.4,26.9,0.0,4229.0
21.7,17.7,27.6,0.1,4094.0
21.3,16.4,27.1,0.0,4094.0
20.0,17.1,24.3,2.4,3942.0
19.5,15.3,24.9,0.1,3744.0
18.6,13.5,25.1,0.0,3515.0
19.1,12.7,26.6,0.0,3515.0
19.2,13.6,26.1,0.1,3515.0
20.0,13.4,27.4,0.0,3511.0
20.6,15.1,26.5,8.2,3395.0
19.2,17.1,21.7,61.6,3330.0
20.2,16.0,26.2,0.3,3374.0
19.9,16.1,25.0,0.4,3374.0
20.2,15.1,26.3,0.1,3374.0
20.9,16.3,26.8,0.1,3374.0
19.9,18.0,22.1,4.9,3247.0
18.6,15.6,23.2,1.1,3185.0
18.3,14.9,23.3,0.0,3095.0
18.6,14.5,23.5,2.3,3017.0
17.2,12.7,21.8,0.2,3017.0
16.5,11.3,22.4,0.3,3017.0
16.2,10.9,22.2,0.0,3017.0
15.3,9.9,21.8,0.0,2938.0
15.0,8.9,22.7,0.0,2900.0
15.4,9.2,23.2,0.0,2890.0
16.4,10.2,24.3,0.0,2890.0
18.0,10.5,25.6,0.0,2728.0
18.5,13.4,24.9,0.0,2728.0
17.8,12.6,22.5,0.9,2728.0
16.4,11.4,20.4,14.0,2709.0
12.9,7.9,19.6,0.0,2632.0
12.7,6.7,20.2,0.0,2600.0
12.9,7.5,19.7,1.4,2585.0
12.0,4.7,21.0,0.0,2507.0
13.0,5.7,22.5,0.0,2507.0
15.1,7.1,22.8,0.0,2507.0
16.6,14.2,18.6,18.4,2440.0
15.9,13.2,18.8,41.6,2425.0
13.2,9.7,16.8,13.7,2432.0
12.5,7.7,19.3,0.0,2438.0
13.8,8.3,21.5,0.0,2410.0
14.6,9.3,23.1,0.0,2410.0
15.5,8.9,22.6,0.1,2410.0
12.5,6.8,18.5,0.0,2280.0
10.0,3.4,19.2,0.0,2263.0
11.2,4.6,20.0,0.0,2234.0
12.8,6.2,19.9,0.0,2282.0
12.9,11.1,15.1,23.6,2279.0
15.1,12.5,18.3,1.9,2279.0
12.3,8.7,15.6,2.0,2279.0
8.8,3.6,14.2,0.0,2296.0
9.2,2.6,17.8,0.0,2289.0
10.3,3.4,18.6,0.0,2199.0
12.3,7.5,18.9,0.1,2119.0
10.3,5.5,16.2,2.4,2091.0
11.2,7.7,15.4,0.5,2091.0
10.8,5.3,16.6,0.0,2091.0
8.6,2.6,17.2,0.0,2038.0
9.0,2.3,16.2,0.4,2079.0
8.6,3.3,12.9,2.2,2052.0
2.8,-0.3,6.4,0.1,1820.0
5.2,-0.5,11.3,0.2,1791.0
5.6,0.2,11.9,0.0,1791.0
7.7,3.2,14.0,0.2,1791.0
7.1,2.9,12.0,0.5,1837.0
5.4,0.6,12.0,0.0,1829.0
4.8,-1.7,13.1,0.0,1832.0
6.2,-0.2,14.8,0.0,1868.0
8.1,1.4,16.2,0.0,1889.0
9.3,3.7,15.8,1.0,1889.0
8.9,4.1,13.9,0.0,1889.0
9.7,8.1,11.5,28.1,1867.0
10.2,7.4,13.3,1.7,1853.0
9.4,5.5,14.9,0.1,1894.0
8.5,3.6,15.9,0.0,1937.0
9.5,5.2,12.6,5.9,1937.0
10.3,6.6,15.0,0.0,1937.0
9.9,6.8,11.9,9.5,1937.0
2.7,-3.1,10.7,1.8,1937.0
-2.6,-5.1,0.6,0.7,1937.0
0.7,-4.4,4.1,2.3,1937.0
-0.4,-3.4,3.1,1.6,1850.0
-3.1,-5.9,0.5,1.3,1782.0
-2.3,-6.3,1.9,0.2,1782.0
-1.4,-5.1,3.5,0.0,1782.0
0.2,-3.8,5.2,1.9,1825.0
-0.9,-6.1,5.8,0.0,1839.0
3.3,-2.3,7.8,0.4,1845.0
2.5,-1.9,6.1,0.2,1862.0
-0.2,-3.4,3.6,1.0,1862.0
-2.3,-5.2,0.8,0.7,1862.0
-1.6,-6.9,3.4,0.0,1862.0
2.0,-2.6,5.8,2.2,1899.0
-1.1,-6.0,4.2,5.0,1880.0
-6.0,-8.7,-3.2,1.9,1886.0
-5.3,-10.1,0.4,0.0,1910.0
-2.1,-9.2,3.1,0.6,1924.0
0.8,-3.4,5.1,2.0,1924.0
-3.3,-7.0,1.3,0.7,1924.0
-2.5,-8.0,2.7,0.5,1973.0
0.1,-5.9,5.9,0.0,1973.0
3.4,-1.1,9.0,0.2,1973.0
-0.3,-3.9,4.3,0.0,1973.0
-2.1,-6.8,4.1,0.0,1958.0
-1.1,-6.7,7.1,0.0,1958.0
-0.1,-5.6,5.1,0.0,1958.0
2.7,-1.7,8.0,0.0,1968.0
3.5,-1.7,9.9,0.0,1938.0
0.1,-4.1,4.7,0.9,1938.0
-4.9,-7.4,-1.9,0.5,1938.0
-3.8,-7.6,0.8,0.3,1957.0
-2.3,-9.3,4.3,0.0,1957.0
2.4,-2.6,9.8,0.0,1957.0
3.8,-2.7,10.1,4.1,1957.0
1.8,-3.3,7.1,4.7,1980.0
-3.0,-6.5,1.6,0.0,1957.0
-2.5,-7.8,3.3,0.0,1959.0
-0.2,-5.1,4.9,0.0,1936.0
1.0,-4.2,6.7,0.0,1936.0
1.0,-3.3,6.0,0.1,1936.0
-1.7,-6.5,4.8,0.0,1936.0
0.4,-6.5,7.9,0.0,1928.0
2.7,-0.2,5.9,0.4,1913.0
3.1,-1.3,9.1,0.2,1907.0
1.5,-2.6,5.3,0.3,1896.0
-0.9,-4.6,3.1,0.0,1896.0
0.0,-6.8,5.8,1.3,1896.0
2.7,-1.3,6.4,0.4,1896.0
0.4,-5.3,6.8,0.0,1889.0
2.9,-0.6,6.5,3.1,1875.0
3.1,0.5,6.3,1.9,1910.0
1.4,-2.7,6.8,0.0,1910.0
2.6,-1.9,8.8,0.0,1910.0
3.7,-1.3,7.8,3.8,1910.0
5.6,2.7,9.1,1.7,1912.0
0.5,-3.7,4.6,0.3,1912.0
-2.1,-6.0,3.5,0.3,1912.0
0.3,-3.6,3.7,1.4,1911.0
0.0,-3.6,3.6,0.2,1894.0
-2.7,-6.9,2.6,0.0,1894.0
-1.9,-8.0,5.5,0.0,1894.0
-0.2,-5.5,7.3,0.0,1920.0
0.7,-5.1,7.9,0.0,1920.0
0.9,-3.4,6.1,0.0,1920.0
0.9,-2.9,5.4,0.3,1920.0
1.3,-3.6,7.4,0.0,1910.0
2.2,-2.6,7.1,0.0,1910.0
-4.8,-8.3,2.5,0.0,1910.0
-3.9,-10.7,1.2,0.1,1919.0
3.0,-2.2,8.1,0.0,1914.0
4.0,-1.2,9.7,0.0,1950.0
0.6,-3.2,4.8,0.0,1884.0
-0.7,-6.4,5.2,0.0,1881.0
2.2,-4.8,9.2,0.0,1881.0
6.1,-0.2,11.0,3.8,1881.0
5.1,3.8,6.8,10.0,1923.0
3.6,1.7,6.4,0.3,1952.0
2.3,0.6,4.8,0.1,1952.0
2.3,-2.1,8.3,0.2,1952.0
4.2,-3.2,10.9,0.0,1952.0
6.4,3.9,8.5,7.9,1952.0
6.3,1.7,11.3,1.0,1952.0
3.2,-0.2,8.6,0.0,2094.0
3.4,-0.9,9.6,0.0,2067.0
5.2,-0.4,11.2,0.1,2079.0
3.6,-1.1,8.2,0.2,2082.0
-0.3,-3.7,4.1,0.0,2115.0
2.0,-3.7,6.8,1.6,2115.0
3.2,0.5,7.1,0.9,2115.0
3.5,-3.0,10.5,0.0,2166.0
3.6,0.5,7.6,2.8,2174.0
0.2,-2.8,4.3,0.0,2202.0
0.5,-5.6,6.8,0.0,2216.0
3.0,-3.5,10.5,0.0,2216.0
4.3,-2.4,12.2,0.0,2216.0
6.4,-2.3,14.6,0.0,2216.0
4.5,-3.3,11.3,0.1,2258.0
-1.6,-5.4,2.7,0.0,2293.0
2.5,-3.3,8.1,0.0,2271.0
3.5,-2.9,9.5,0.0,2286.0
5.6,0.1,10.9,1.2,2308.0
4.8,-2.0,11.7,0.0,2308.0
6.4,-1.5,15.2,0.0,2308.0
9.3,0.7,19.1,0.0,2289.0
11.7,3.0,20.2,0.0,2280.0
9.6,7.8,12.3,31.8,2305.0
11.4,6.8,18.3,0.5,2310.0
12.1,7.1,19.6,0.0,2340.0
11.9,5.1,19.4,0.0,2340.0
9.7,3.8,16.8,0.0,2340.0
5.5,-0.3,11.5,0.0,2371.0
4.9,-1.6,12.1,0.0,2401.0
5.9,-2.4,14.2,0.0,2401.0
8.1,-0.8,17.0,0.0,2406.0
9.6,1.3,18.3,0.0,2415.0
11.1,1.5,19.3,0.0,2415.0
12.0,6.2,19.1,0.0,2415.0
13.1,4.7,21.3,0.0,2442.0
12.8,8.3,15.5,3.1,2480.0
11.7,9.2,15.9,1.9,2486.0
13.4,8.4,19.5,7.7,2509.0
12.9,9.0,18.8,9.0,2529.0
11.1,7.7,16.2,17.8,2529.0
10.0,8.4,11.7,3.0,2529.0
10.4,7.4,13.3,4.2,2546.0
7.5,5.1,10.8,0.9,2559.0
7.9,4.3,12.4,0.3,2568.0
9.0,3.4,15.1,0.0,2538.0
10.5,3.4,18.2,0.0,2538.0
11.4,3.5,19.5,0.0,2538.0
11.9,5.2,17.9,0.6,2538.0
10.4,8.1,13.2,7.5,2516.0
8.6,6.1,12.5,10.2,2565.0
12.0,5.9,18.8,1.0,2574.0
11.6,6.0,20.4,2.7,2617.0
11.4,3.6,19.0,0.0,2640.0
13.7,4.7,21.7,2.4,2640.0
14.2,11.3,17.2,14.2,2640.0
11.5,8.1,14.6,11.0,2697.0
12.8,5.7,20.9,0.0,2780.0
13.8,7.1,20.9,0.0,2795.0
14.4,5.9,22.3,0.0,2738.0
15.6,8.7,22.9,0.0,2719.0
15.7,6.7,24.2,0.0,2719.0
18.2,8.5,26.9,0.0,2719.0
18.7,11.2,26.6,0.0,2768.0
17.6,10.9,23.9,8.2,2779.0
15.8,14.0,18.2,23.2,2807.0
17.9,13.1,24.0,0.2,2715.0
19.2,12.8,26.3,0.0,2715.0
19.8,13.5,26.2,1.9,2715.0
17.6,15.8,20.2,12.9,2715.0
16.4,10.5,21.9,0.0,2712.0
14.2,5.9,21.9,0.0,2712.0
14.9,7.7,22.1,0.0,2913.0
16.3,8.7,24.1,0.0,2962.0
16.9,9.2,23.4,0.0,2972.0
17.7,12.9,24.1,0.2,2972.0
16.7,10.8,23.5,0.0,2972.0
16.8,11.7,21.9,23.8,2972.0
15.8,12.2,19.8,9.0,2855.0
19.6,12.5,25.7,0.0,2870.0
20.7,13.6,26.9,0.0,2870.0
19.1,15.3,23.9,1.3,2870.0
18.0,11.7,25.3,0.0,2870.0
18.0,9.8,26.1,0.0,2870.0
16.3,12.8,20.4,4.0,3034.0
17.9,12.8,24.2,0.7,3242.0
16.7,11.3,22.5,0.0,3342.0
18.7,10.1,26.5,0.0,3600.0
20.7,14.0,27.7,0.0,3653.0
20.2,14.1,27.3,0.0,3653.0
20.3,12.5,28.3,0.0,3653.0
20.2,12.2,28.3,0.0,3653.0
21.8,13.1,30.9,0.0,3639.0
21.4,12.8,30.0,0.0,3655.0
21.7,15.5,29.2,0.0,3697.0
22.5,14.6,29.6,0.0,3742.0
19.1,15.8,23.0,2.7,3742.0
20.4,14.5,27.7,0.0,3742.0
21.8,14.2,29.0,0.0,3562.0
21.7,17.2,27.2,0.4,3475.0
21.7,16.4,27.7,0.0,3438.0
21.6,12.9,29.3,0.0,3422.0
16.9,13.3,21.2,3.2,3411.0
19.1,12.3,26.1,0.0,3411.0
20.9,15.0,27.6,0.0,3411.0
20.2,15.8,24.7,1.3,3397.0
21.7,16.3,27.9,0.0,3421.0
23.7,16.5,31.2,0.0,3405.0
21.8,17.9,25.6,1.7,3490.0
23.2,18.1,29.6,0.7,3502.0
22.6,17.5,28.4,0.7,3502.0
21.8,17.4,27.3,5.1,3502.0
23.0,19.2,28.4,0.0,3508.0
22.6,19.2,28.5,1.1,3408.0
21.4,18.2,25.9,2.9,3384.0
22.5,18.1,27.8,0.8,3387.0
22.4,18.4,27.8,2.2,3359.0
19.4,17.4,22.3,12.2,3359.0
21.2,17.0,26.8,0.1,3359.0
22.3,17.3,28.0,0.2,3327.0
23.1,18.2,29.0,0.1,3303.0
22.5,19.2,27.2,3.4,3303.0
21.8,18.9,25.9,14.6,3214.0
20.9,18.8,23.8,32.4,3140.0
21.6,18.4,25.8,0.7,3140.0
22.1,17.9,27.2,0.0,3140.0
23.5,18.5,29.1,0.2,3126.0
21.4,19.0,25.5,11.5,3022.0
22.6,18.4,28.1,0.9,3015.0
22.4,17.0,28.2,0.2,2989.0
22.3,17.6,28.0,0.5,2983.0
21.2,15.8,26.7,0.0,2983.0
21.8,17.0,27.4,0.4,2983.0
22.2,17.9,27.2,0.2,2987.0
20.1,17.7,23.1,13.3,2998.0
21.0,18.4,23.6,23.0,2932.0
22.8,20.2,26.2,19.1,2937.0
25.0,20.6,30.3,0.0,2937.0
25.9,22.0,31.1,9.2,2937.0
24.2,22.8,26.1,44.8,2937.0
23.9,21.8,26.7,3.6,2998.0
25.4,21.0,30.8,0.1,2941.0
25.0,20.7,31.2,1.0,2921.0
22.9,19.4,27.1,0.0,2921.0
21.6,17.8,25.7,0.3,2904.0
23.0,20.1,27.1,0.1,2904.0
24.0,20.2,28.6,1.5,2904.0
24.3,21.9,27.6,2.7,2895.0
24.6,22.1,28.3,4.1,2867.0
25.7,23.0,29.9,2.8,2837.0
25.9,23.6,29.4,13.0,2861.0
25.6,24.1,27.6,17.4,2812.0
26.5,24.0,29.6,8.8,2812.0
27.0,22.4,32.4,3.8,2812.0
26.6,23.5,30.4,1.8,2821.0
27.4,24.1,32.0,0.6,2798.0
27.3,24.3,31.1,7.1,2785.0
28.7,24.7,33.7,0.0,2720.0
28.3,24.5,33.6,0.2,2720.0
27.6,23.8,32.9,1.0,2720.0
27.0,23.5,31.5,5.1,2720.0
28.1,24.2,33.1,0.0,2723.0
28.0,23.3,33.3,0.0,2708.0
28.0,23.6,33.7,0.0,2715.0
28.4,23.4,34.3,0.0,2736.0
28.5,23.4,34.8,2.2,2712.0
27.1,23.6,33.8,6.8,2712.0
26.8,22.7,32.3,0.0,2712.0
26.4,22.7,31.5,0.0,2779.0
25.1,21.3,29.2,6.7,2778.0
23.8,20.4,27.9,5.1,2829.0
24.8,21.0,30.5,6.9,2750.0
25.1,20.8,30.8,1.1,2750.0
25.9,21.2,31.6,0.0,2750.0
24.8,21.4,29.7,6.9,2750.0
25.1,20.5,30.9,1.0,2673.0
25.2,21.3,30.0,0.0,2728.0
25.0,21.4,29.0,0.0,2814.0
24.1,22.0,27.3,5.0,2882.0
23.6,21.1,28.3,26.6,2838.0
24.3,21.1,28.6,0.3,2838.0
24.9,21.4,29.8,0.1,2838.0
24.7,22.1,27.9,3.1,2881.0
21.5,19.7,24.0,26.8,2892.0
22.2,18.7,26.9,0.4,2901.0
23.2,18.3,28.7,1.4,2836.0
23.0,18.8,28.7,2.5,2817.0
22.9,18.8,28.7,0.0,2817.0
23.2,18.3,29.1,0.4,2817.0
23.9,19.3,29.1,1.8,2908.0
23.6,20.8,27.9,5.0,2887.0
22.8,20.0,27.4,9.6,2881.0
22.9,19.2,28.1,1.8,2865.0
23.3,18.8,29.0,0.0,2857.0
21.7,19.4,25.6,9.4,2857.0
20.9,18.0,24.6,6.6,2857.0
20.7,15.9,26.4,0.1,2888.0
20.0,14.3,26.2,0.0,2870.0
20.3,13.6,27.1,0.0,2846.0
20.6,14.2,27.3,0.0,2765.0
21.0,15.7,26.6,1.5,2795.0
18.8,15.5,22.1,3.8,2795.0
18.6,13.5,25.1,0.0,2795.0
19.1,12.8,26.4,0.0,2810.0
19.3,13.3,25.7,0.0,2760.0
18.9,13.2,24.1,1.6,2733.0
19.3,15.2,24.2,4.4,2699.0
20.1,14.6,26.3,0.0,2706.0
20.1,15.2,26.7,0.0,2706.0
20.1,14.8,26.6,0.0,2706.0
20.6,15.1,27.9,0.0,2740.0
20.6,14.8,28.0,0.0,2687.0
19.0,15.6,22.5,8.4,2703.0
20.7,16.5,25.7,1.2,2691.0
20.6,16.3,26.3,0.0,2697.0
20.1,15.4,26.5,0.0,2697.0
19.7,13.7,27.6,0.0,2697.0
20.5,13.1,28.6,0.0,2697.0
20.7,14.4,27.0,0.0,2697.0
19.3,16.7,23.1,1.7,2783.0
18.1,14.5,22.6,37.4,3095.0
15.9,8.9,21.9,0.0,3017.0
18.2,11.9,24.9,0.0,3017.0
16.5,11.0,23.6,0.0,3017.0
16.7,11.0,24.4,0.0,3017.0
16.8,10.1,25.4,0.0,2938.0
17.2,10.8,24.8,0.0,2900.0
17.5,12.5,24.4,0.1,2890.0
16.0,10.2,21.4,0.4,2890.0
13.7,7.6,20.7,4.8,2728.0
12.7,8.6,17.0,2.2,2728.0
13.4,9.4,18.5,0.5,2728.0
14.4,7.5,21.8,0.0,2709.0
15.5,9.5,23.3,0.0,2632.0
15.7,9.9,23.8,0.0,2600.0
15.8,10.4,23.5,0.0,2585.0
16.1,10.2,24.8,0.0,2507.0
16.2,9.6,25.2,0.0,2507.0
16.4,10.7,23.5,0.1,2507.0
16.8,11.5,24.1,0.0,2440.0
16.9,11.8,23.9,0.2,2425.0
16.3,12.3,21.6,0.3,2432.0
16.3,12.3,22.0,0.0,2438.0
16.2,11.3,22.3,1.2,2410.0
14.7,9.6,21.0,0.0,2410.0
14.4,9.1,19.8,0.4,2410.0
13.4,9.7,17.8,16.3,2280.0
11.4,5.9,17.2,0.0,2263.0
10.5,5.4,16.3,0.4,2234.0
8.0,3.6,12.8,0.0,2282.0
6.3,0.7,13.2,0.0,2279.0
6.7,0.9,11.2,0.1,2279.0
10.1,4.6,16.4,0.2,2279.0
10.8,4.9,19.0,0.0,2296.0
10.9,3.8,20.0,0.0,2289.0
12.9,7.1,20.7,0.0,2199.0
13.5,8.0,19.2,2.6,2119.0
13.2,11.7,14.5,28.0,2091.0
13.7,12.5,15.1,13.8,2091.0
12.7,10.8,15.5,3.2,2091.0
11.1,7.6,15.3,0.2,2038.0
11.5,6.8,17.1,2.0,2079.0
13.7,9.1,18.1,0.6,2052.0
12.1,10.9,13.9,24.4,1820.0
13.8,12.0,16.2,5.0,1791.0
13.5,9.6,18.3,0.0,1791.0
12.6,8.9,15.8,10.7,1791.0
14.3,12.3,17.1,0.5,1837.0
11.6,9.4,14.2,7.9,1829.0
10.2,8.6,12.1,0.9,1832.0
11.0,7.6,15.9,0.1,1868.0
9.6,5.9,13.5,0.1,1889.0
11.3,7.3,15.5,4.6,1889.0
10.9,9.2,12.7,6.6,1889.0
8.5,6.0,11.2,2.8,1867.0
5.6,3.8,7.6,9.0,1853.0
0.9,-1.1,4.5,3.3,1894.0
1.1,-1.9,4.0,0.6,1937.0
3.2,0.1,7.2,0.0,1937.0
5.2,1.6,9.6,0.8,1937.0
6.4,1.5,11.6,0.2,1937.0
4.7,-0.9,12.1,0.0,1937.0
7.3,2.9,11.3,5.7,1937.0
3.0,-0.3,6.5,3.0,1937.0
2.8,-0.6,5.7,0.5,1850.0
5.5,2.1,8.7,0.0,1782.0
3.2,-0.7,8.3,0.0,1782.0
3.5,-2.5,9.9,0.0,1782.0
4.6,0.0,11.1,0.0,1825.0
6.2,-0.4,13.2,0.0,1839.0
8.7,6.6,10.6,14.1,1845.0
7.6,3.8,10.9,3.7,1862.0
5.5,1.1,10.8,0.0,1862.0
6.5,2.6,12.5,0.0,1862.0
6.9,4.2,8.7,3.9,1862.0
7.2,4.7,9.9,0.5,1899.0
1.7,-1.6,5.5,2.4,1880.0
-2.0,-4.8,1.4,0.3,1886.0
-0.5,-6.0,4.7,0.0,1910.0
1.4,-3.0,8.4,0.0,1924.0
2.1,-2.5,6.0,0.8,1924.0
4.3,0.5,9.3,1.5,1924.0
4.1,-1.1,9.6,0.1,1973.0
6.3,3.8,9.0,1.9,1973.0
4.2,0.8,8.7,0.0,1973.0
1.4,-2.6,5.8,0.0,1973.0
3.8,-2.1,9.8,0.2,1958.0
-0.8,-4.6,3.7,0.0,1958.0
-2.4,-6.4,2.2,0.0,1958.0
-1.4,-6.7,4.8,0.0,1968.0
0.9,-5.2,7.4,1.1,1938.0
2.0,-1.7,6.3,0.3,1938.0
1.7,-3.9,7.3,0.0,1938.0
5.1,0.3,11.5,0.0,1938.0
5.9,1.0,12.9,0.0,1938.0
5.3,0.1,10.1,0.0,2215.0
0.6,-2.4,4.4,0.5,2266.0
0.7,-4.2,5.4,0.0,2269.0
0.4,-2.6,4.3,0.0,2271.0
-0.5,-3.8,3.9,0.0,2242.0
0.7,-3.8,5.5,0.0,2242.0
1.7,-2.8,6.7,0.0,2242.0
-0.7,-4.4,4.3,0.0,2307.0
-2.1,-7.1,3.7,0.0,2307.0
-1.2,-4.9,2.3,0.8,2318.0
-1.1,-5.5,3.3,0.1,2280.0
-0.2,-5.3,6.2,0.1,2280.0
0.8,-4.0,7.3,0.0,2280.0
2.1,-1.3,5.6,3.3,2280.0
-2.0,-7.3,3.1,0.9,2299.0
-7.5,-9.7,-4.6,0.8,2313.0
-6.9,-10.9,-2.3,0.0,2354.0
-4.7,-8.4,0.0,0.0,2440.0
-4.2,-9.3,0.7,0.0,2448.0
-7.0,-11.3,-3.5,1.2,2448.0
-10.8,-14.2,-7.4,1.5,2448.0
-6.6,-12.4,-1.3,0.3,2476.0
-1.7,-7.0,3.5,0.1,2598.0
0.2,-4.8,6.1,0.0,2715.0
0.3,-4.6,3.6,6.7,2730.0
2.3,0.3,4.4,8.2,2777.0
2.2,-1.2,6.4,0.6,2777.0
-0.5,-3.2,2.9,0.0,2777.0
-2.9,-6.2,1.7,0.0,2881.0
-3.4,-8.6,2.7,0.0,2908.0
-1.8,-8.3,4.9,0.0,2914.0
0.4,-4.8,5.9,0.0,2966.0
-0.2,-5.0,5.4,0.0,3026.0
-1.4,-5.6,3.3,0.5,3026.0
-1.8,-8.0,5.0,0.0,3026.0
1.7,-5.7,7.4,0.2,3026.0
2.6,-2.2,7.5,0.0,3026.0
2.2,-4.9,10.8,0.0,3026.0
6.8,-1.2,13.7,0.2,3003.0
9.7,6.9,12.0,20.7,3003.0
11.7,7.1,16.2,11.4,3003.0
1.1,-3.0,9.5,0.8,3003.0
-3.1,-6.0,0.1,0.2,3033.0
-0.1,-4.4,4.0,0.5,3047.0
1.2,-4.1,6.5,0.0,3078.0
3.6,-2.9,9.7,0.1,3124.0
4.5,-0.2,8.9,0.0,3124.0
3.5,-0.6,8.7,0.0,3124.0
1.0,-3.6,6.0,0.0,3124.0
2.7,-1.5,6.5,0.0,3160.0
3.3,-1.3,8.5,0.2,3160.0
-1.0,-4.7,3.4,0.6,3145.0
0.3,-5.9,6.0,0.0,3147.0
2.8,-2.3,7.3,0.8,3147.0
5.2,1.2,10.6,1.4,3147.0
4.0,-0.5,10.5,5.8,3147.0
-1.8,-4.8,1.3,0.3,3169.0
-1.4,-7.3,4.3,0.0,3169.0
3.2,-3.8,10.4,0.0,3530.0
7.2,-0.1,15.2,0.0,3672.0
9.4,4.6,13.7,9.7,3711.0
11.8,8.2,15.5,27.9,3711.0
10.3,5.3,15.6,2.5,3711.0
8.9,3.4,14.9,0.0,3741.0
5.9,2.4,9.3,2.8,3806.0
3.1,0.3,8.2,2.0,3878.0
1.3,-1.9,5.7,0.1,3930.0
0.7,-3.9,5.8,0.0,3924.0
2.5,-4.2,8.7,0.0,3924.0
4.3,1.0,8.4,0.2,3924.0
4.2,-0.5,10.0,0.0,3808.0
5.6,-2.5,13.3,0.0,3821.0
8.8,3.0,16.4,0.0,3821.0
10.2,0.9,18.3,0.1,3803.0
11.2,7.9,15.4,9.3,3851.0
10.4,5.2,16.8,0.0,3851.0
8.2,3.3,13.8,0.0,3851.0
8.6,2.3,15.6,0.0,3985.0
9.3,2.0,16.9,0.0,3905.0
8.1,4.1,13.6,0.5,3995.0
6.4,1.2,12.0,0.2,4063.0
5.8,1.4,11.1,0.2,4030.0
5.7,0.2,12.1,0.5,4030.0
7.0,0.0,14.1,0.0,4030.0
9.3,0.7,17.5,0.0,4059.0
11.9,4.8,18.0,0.1,4103.0
12.7,6.4,20.3,0.0,4088.0
12.4,4.8,20.7,0.0,4196.0
13.2,4.3,22.8,0.0,4117.0
13.9,5.7,21.5,0.0,4117.0
11.7,8.9,15.2,9.5,4117.0
11.2,7.6,15.6,1.8,4231.0
12.0,5.1,19.6,0.0,4228.0
12.8,5.7,21.0,12.2,4191.0
12.7,9.2,18.0,21.9,4303.0
13.9,8.0,21.7,0.0,4451.0
14.9,8.2,22.2,0.0,4451.0
13.6,8.2,21.3,0.4,4451.0
10.9,6.8,16.1,0.2,4462.0
12.5,6.2,19.0,0.6,4462.0
14.2,10.9,18.2,13.1,4462.0
14.7,9.6,21.3,0.0,4554.0
13.7,6.5,21.2,0.0,4505.0
14.6,7.9,20.7,29.2,4505.0
13.1,10.1,17.2,9.5,4505.0
13.0,8.3,18.9,1.2,4705.0
12.5,7.4,19.0,0.0,4875.0
13.9,7.3,20.3,0.7,4751.0
13.8,10.9,17.3,28.8,4733.0
17.1,11.2,24.6,0.0,4675.0
15.2,10.9,20.7,0.0,4675.0
14.3,7.2,22.1,0.0,4675.0
15.9,7.3,24.9,0.0,4612.0
17.0,8.7,25.4,1.4,4593.0
12.4,10.8,15.5,25.0,4504.0
13.6,9.6,19.2,2.4,4458.0
14.4,8.4,20.9,0.1,4426.0
16.5,8.8,23.8,0.0,4426.0
18.1,10.4,26.1,0.0,4426.0
18.9,11.8,25.9,7.8,4024.0
15.3,11.7,19.8,26.8,3999.0
17.0,11.7,22.3,0.2,3974.0
18.2,9.3,26.0,0.8,3974.0
17.9,13.9,22.5,1.7,3974.0
17.1,11.3,23.6,0.0,3974.0
17.4,9.3,24.8,0.0,3974.0
18.1,13.6,23.4,0.2,4009.0
13.9,12.2,17.2,20.1,3987.0
15.7,11.4,21.7,0.9,3994.0
18.0,11.0,25.1,0.0,3994.0
16.6,11.9,22.5,0.1,3987.0
17.3,10.5,23.9,0.0,3987.0
18.1,11.7,24.3,12.6,3987.0
15.4,9.9,21.7,5.9,3988.0
17.8,8.6,26.6,0.0,3999.0
20.3,11.4,29.3,0.0,3999.0
20.3,12.4,28.8,0.0,3810.0
19.9,11.9,28.0,0.0,3800.0
20.1,12.3,27.9,0.0,3800.0
20.2,12.4,28.1,0.0,3800.0
20.6,12.5,27.8,0.0,3793.0
18.0,15.0,21.3,20.3,3793.0
19.4,13.7,25.8,0.0,3793.0
20.4,15.1,25.9,0.1,3891.0
21.5,16.8,27.5,0.1,3854.0
20.9,16.3,27.1,0.4,3854.0
20.2,15.7,26.5,0.6,3854.0
21.3,14.4,28.4,0.0,3788.0
21.7,15.5,28.1,0.0,3701.0
20.9,15.8,26.5,0.0,3588.0
20.2,13.1,27.0,0.0,3499.0
21.6,14.3,28.3,0.0,3401.0
19.4,16.3,22.9,3.9,3401.0
21.0,15.0,27.3,0.0,3401.0
19.5,16.8,22.6,0.7,3401.0
21.2,17.9,25.9,0.3,3397.0
21.0,18.1,25.0,1.7,3353.0
22.2,17.4,28.3,0.0,3072.0
22.8,17.7,28.8,0.0,3023.0
23.6,19.3,28.6,2.1,3023.0
23.1,20.4,26.5,2.6,3023.0
22.5,19.2,27.7,0.1,2931.0
22.1,18.4,27.4,0.5,2860.0
21.5,18.7,24.9,4.8,2874.0
22.1,19.1,25.9,1.7,2792.0
23.2,17.5,29.5,0.0,2713.0
23.7,17.9,29.8,0.8,2713.0
23.8,19.8,29.2,1.4,2713.0
23.2,18.5,28.4,5.7,2724.0
23.6,20.1,28.1,0.3,2751.0
22.8,20.6,26.4,7.0,2762.0
24.2,19.9,29.4,0.1,2754.0
21.9,19.9,25.2,30.3,2799.0
22.7,18.8,27.3,0.0,2799.0
23.2,17.5,29.3,0.0,2799.0
22.1,17.6,27.0,1.0,2833.0
22.4,17.8,27.4,0.5,2825.0
22.8,19.2,26.7,0.9,2825.0
24.4,20.8,29.2,1.0,2777.0
24.2,22.0,27.6,55.2,3015.0
23.6,21.5,27.0,24.6,2989.0
22.4,20.0,25.3,22.3,2983.0
22.2,20.2,24.7,53.2,2983.0
24.8,21.5,28.6,39.5,2983.0
23.6,21.2,27.4,27.8,2987.0
24.2,20.9,29.0,1.2,2998.0
25.4,20.8,31.2,1.0,2932.0
26.1,21.2,32.1,0.0,2937.0
26.0,21.7,31.1,0.0,2937.0
25.6,22.2,30.3,2.9,2937.0
24.6,22.4,28.0,8.2,2937.0
25.6,22.1,29.9,0.1,2998.0
25.0,21.4,30.0,2.3,2941.0
24.5,20.7,28.7,0.8,2921.0
21.7,20.4,23.8,27.9,2921.0
23.3,20.7,27.0,0.9,2904.0
23.7,19.7,28.7,0.0,2904.0
25.0,20.4,30.0,0.1,2904.0
25.3,21.6,29.8,0.0,2895.0
25.1,21.5,29.7,0.0,2867.0
25.8,21.7,30.7,0.0,2837.0
26.4,22.2,31.2,1.7,2861.0
27.3,23.6,32.0,4.8,2812.0
27.3,24.5,31.6,5.8,2812.0
28.0,24.0,32.8,0.0,2812.0
28.0,24.5,32.0,0.9,2821.0
28.3,24.8,32.7,0.8,2798.0
27.8,24.0,32.1,9.7,2785.0
28.4,25.0,33.3,6.7,2720.0
28.0,24.4,33.5,4.1,2720.0
27.4,23.7,32.8,2.4,2720.0
26.4,23.6,30.9,3.0,2720.0
26.7,23.1,31.8,1.6,2723.0
27.7,23.4,33.0,0.2,2708.0
28.0,23.3,33.6,0.2,2715.0
28.3,23.4,34.0,0.6,2736.0
28.5,24.1,34.2,1.5,2712.0
28.2,24.0,34.5,4.9,2712.0
27.7,23.9,32.6,0.6,2712.0
28.4,23.9,34.0,0.0,2779.0
29.3,24.1,35.4,0.0,2778.0
29.5,24.4,35.6,0.0,2829.0
29.5,24.6,35.3,0.0,2750.0
29.1,25.0,34.4,1.0,2750.0
28.5,25.0,33.8,2.6,2750.0
27.9,24.2,33.2,4.0,2750.0
27.7,23.2,33.3,0.7,2673.0
28.0,23.7,33.6,0.4,2728.0
28.2,23.8,33.6,0.4,2814.0
28.3,24.1,34.0,0.1,2882.0
27.9,23.2,33.8,0.2,2838.0
28.0,23.0,34.0,1.2,2838.0
27.3,23.6,32.2,1.8,2838.0
27.3,22.9,33.2,0.0,2881.0
27.2,21.3,33.7,2.1,2892.0
21.9,18.3,27.2,11.3,2901.0
22.0,17.1,27.1,0.6,2836.0
19.6,17.3,23.3,22.8,2817.0
20.5,16.3,25.4,3.0,2817.0
20.7,16.9,24.7,1.0,2817.0
21.8,18.5,25.3,7.8,2908.0
24.6,19.6,30.2,2.0,2887.0
21.4,19.4,24.8,28.9,2881.0
22.9,19.7,27.1,20.5,2865.0
24.6,21.1,29.4,2.1,2857.0
24.6,21.7,29.1,1.3,2857.0
23.6,20.2,27.8,0.0,2857.0
23.1,19.9,27.9,1.3,2888.0
22.7,18.6,28.2,3.2,2870.0
22.8,18.9,28.5,1.4,2846.0
22.4,18.7,27.6,5.1,2765.0
22.8,19.3,27.3,1.2,2795.0
21.7,19.1,25.9,7.8,2795.0
22.4,17.7,28.2,0.0,2795.0
22.6,18.7,27.7,0.0,2810.0
22.6,18.2,28.2,0.0,2760.0
22.1,19.6,25.3,5.0,2733.0
20.5,18.8,22.8,85.6,2699.0
20.3,18.3,22.8,6.5,2706.0
20.2,17.1,24.1,0.2,2706.0
18.8,13.9,24.4,0.0,2706.0
18.4,12.7,24.1,0.0,2740.0
19.4,15.8,24.6,0.0,2687.0
19.7,14.4,26.1,0.0,2703.0
20.4,15.4,27.1,0.0,2691.0
20.7,16.1,26.6,0.0,2697.0
21.7,17.9,26.5,2.2,2697.0
22.7,20.1,26.7,5.4,2697.0
21.3,18.8,24.7,7.6,2697.0
19.1,17.0,21.7,1.3,2697.0
17.8,15.9,19.9,13.0,2783.0
19.1,16.3,22.3,2.4,2783.0
20.8,17.8,24.4,6.1,2783.0
22.6,18.9,26.9,9.6,2783.0
21.4,16.8,27.2,0.6,7304.0
19.5,16.7,24.2,51.1,6912.0
18.6,14.4,24.3,0.0,6759.0
18.4,14.8,22.8,9.3,6657.0
17.4,14.0,21.5,23.6,6657.0
12.8,8.8,17.8,0.0,6657.0
13.3,8.4,19.1,0.0,6470.0
14.5,10.2,20.6,0.0,6047.0
15.1,10.8,21.2,0.0,5738.0
14.5,10.6,20.2,0.0,5340.0
15.2,9.2,23.1,0.0,5107.0
16.7,10.6,24.3,0.0,5107.0
16.0,13.9,18.5,18.5,5107.0
17.7,14.0,23.2,0.3,4753.0
16.3,12.0,22.4,0.0,4685.0
16.8,12.6,23.3,0.0,4481.0
16.8,11.7,22.7,0.1,4241.0
16.6,14.9,18.8,0.4,4179.0
16.8,13.6,21.0,0.4,4179.0
14.4,11.4,17.6,2.3,4179.0
14.2,9.5,19.4,0.0,4011.0
14.6,11.3,19.1,13.7,3911.0
13.8,10.0,18.3,0.0,3792.0
14.5,9.1,19.2,0.0,3723.0
14.1,12.1,16.5,5.6,3592.0
10.6,7.1,14.0,0.7,3592.0
8.1,2.9,15.1,0.0,3592.0
8.3,4.4,11.6,0.3,3552.0
4.6,0.4,9.7,0.0,3419.0
5.3,-1.2,11.8,0.1,3422.0
8.1,2.9,14.7,0.1,3233.0
10.2,3.5,17.4,0.0,3218.0
13.2,7.6,19.8,0.2,3218.0
12.6,8.9,16.5,1.6,3218.0
13.1,9.4,17.8,1.5,3270.0
8.2,3.1,12.7,1.7,3255.0
4.3,-0.7,10.5,0.0,3281.0
7.3,2.8,12.0,3.1,3233.0
9.3,4.5,15.2,0.9,3263.0
10.0,2.9,18.2,0.0,3263.0
12.6,6.9,18.3,3.0,3263.0
14.3,10.2,18.7,2.3,3435.0
9.5,3.4,15.2,0.0,3567.0
6.6,0.3,14.3,0.0,3561.0
8.7,3.3,16.1,0.0,3440.0
10.0,3.6,15.6,12.8,3630.0
13.4,10.6,16.7,1.2,3630.0
12.2,7.3,17.6,0.0,3630.0
10.3,6.1,14.2,0.1,3709.0
6.3,2.5,10.9,0.9,3790.0
3.1,-0.5,7.6,0.1,3762.0
0.7,-3.0,5.5,0.0,3712.0
1.9,-2.8,8.1,0.0,3725.0
1.2,-2.6,4.3,2.4,3725.0
4.1,1.0,8.5,0.1,3725.0
3.8,-0.2,8.4,0.0,3725.0
3.1,-2.3,10.0,0.2,3725.0
6.2,1.2,10.7,2.5,3838.0
6.5,0.8,10.8,0.1,3927.0
3.0,-2.6,10.0,0.0,3927.0
4.0,-2.6,12.1,0.0,3927.0
5.3,1.1,10.2,0.0,3927.0
7.9,2.5,13.8,0.1,3951.0
1.8,-2.9,6.7,0.0,3959.0
1.6,-4.2,7.6,0.1,3978.0
3.6,-2.5,9.7,1.3,4057.0
4.6,-0.5,8.9,1.3,4111.0
0.8,-3.9,7.1,0.0,4111.0
0.1,-5.7,7.8,0.0,4111.0
3.9,-2.8,10.1,0.2,4044.0
5.4,1.4,9.9,0.3,4077.0
1.6,-1.0,4.7,2.5,4058.0
-0.8,-4.2,2.7,0.1,4077.0
-1.8,-6.9,2.9,0.0,4093.0
3.4,-2.2,10.1,0.0,4093.0
4.4,-1.1,10.6,0.1,4093.0
7.2,3.4,10.5,4.9,4089.0
7.3,3.3,13.0,0.0,4119.0
8.7,3.0,13.7,24.2,4145.0
8.4,4.4,15.3,14.4,4169.0
1.7,-0.3,4.7,0.6,4163.0
0.5,-2.3,4.0,0.0,4163.0
2.9,-2.9,9.0,0.1,4163.0
4.6,2.9,6.2,10.3,4206.0
1.2,-3.2,4.5,2.1,4226.0
-1.4,-6.5,4.8,0.0,4200.0
-1.3,-4.5,2.1,0.2,4224.0
-1.4,-7.0,4.6,0.0,4219.0
1.7,-2.9,7.1,0.0,4219.0
3.2,-1.5,9.6,0.0,4219.0
5.5,0.4,11.3,0.0,4382.0
3.6,-0.9,9.8,0.0,4355.0
3.8,-1.3,10.6,0.0,4380.0
4.3,-0.7,8.5,2.0,4379.0
5.2,0.8,10.5,0.1,4354.0
4.0,-1.4,9.5,0.1,4354.0
7.2,3.9,11.9,1.6,4354.0
4.4,-0.5,8.1,0.1,4279.0
0.4,-2.9,4.7,0.0,4279.0
-1.7,-6.2,2.8,0.0,4279.0
0.7,-3.7,5.6,0.2,4279.0
-2.2,-5.9,2.8,0.3,4108.0
-5.0,-7.8,-1.8,0.0,4108.0
-4.8,-10.6,1.6,0.0,4108.0
-3.0,-8.8,4.4,0.0,4108.0
-1.7,-7.8,5.8,0.0,4108.0
0.5,-4.5,5.9,0.0,4092.0
0.1,-5.0,6.8,0.0,4092.0
-1.7,-5.4,1.4,3.3,4092.0
-2.6,-8.1,2.0,0.6,4092.0
-3.7,-6.9,0.1,0.6,4092.0
-5.9,-9.9,-1.1,0.1,4019.0
-4.7,-10.1,1.5,0.0,3987.0
-3.7,-9.7,3.3,0.0,3987.0
-0.9,-9.1,6.8,0.1,3987.0
1.5,-3.7,6.6,1.2,3987.0
0.5,-7.3,8.3,0.0,3987.0
3.3,1.0,5.7,3.9,3987.0
-1.0,-5.5,3.2,1.1,3987.0
-2.9,-8.7,3.7,0.0,4008.0
-1.2,-5.4,4.2,0.0,3980.0
-0.9,-7.5,6.1,0.0,3990.0
1.8,-3.8,8.6,0.0,3990.0
4.1,-2.3,9.9,0.8,3990.0
4.2,1.8,7.5,1.1,3990.0
0.8,-2.6,4.7,0.0,3990.0
0.1,-4.7,6.3,0.0,4001.0
0.8,-3.6,5.3,0.0,4001.0
-2.1,-5.0,1.2,0.1,4010.0
-4.1,-6.8,-0.5,0.6,4010.0
-2.8,-7.5,1.8,0.1,4010.0
-0.7,-6.1,5.4,0.0,4010.0
1.0,-5.9,7.3,0.3,4038.0
1.5,-3.4,7.6,0.0,4010.0
2.4,-5.3,11.0,0.0,4010.0
7.1,-2.8,14.5,1.4,4010.0
5.6,-1.0,12.0,1.7,4010.0
0.0,-4.6,5.1,0.0,4010.0
3.4,-5.0,10.0,2.0,4010.0
2.9,-3.0,9.6,5.4,4010.0
0.8,-6.2,7.9,0.0,4010.0
3.6,0.3,5.9,16.1,4010.0
1.4,-2.0,5.0,0.0,4010.0
0.6,-4.7,6.1,0.0,4010.0
3.1,-2.6,9.2,0.0,4010.0
3.4,-2.0,10.0,0.0,4010.0
3.6,-2.5,11.1,0.1,4010.0
4.8,-2.5,13.0,0.0,4018.0
6.2,0.7,12.7,2.1,4018.0
3.2,-0.7,6.9,2.0,4018.0
3.9,-3.2,11.7,0.0,4002.0
5.6,-1.0,13.7,0.0,4002.0
6.2,-0.3,13.8,0.2,4002.0
2.9,-1.1,7.0,0.3,4002.0
0.1,-3.2,4.4,0.5,4002.0
1.4,-3.8,6.3,0.0,4002.0
5.0,-1.6,11.3,0.0,4002.0
5.4,-1.3,12.7,0.0,4002.0
6.5,-2.2,15.8,0.0,4002.0
8.5,0.2,16.4,0.0,4002.0
7.9,2.7,13.7,0.0,4002.0
5.5,0.6,11.4,0.6,4089.0
4.8,-1.8,12.2,0.0,4089.0
5.6,-1.4,13.1,0.0,3986.0
6.9,-1.2,15.5,0.0,3986.0
8.4,2.3,16.8,0.0,3986.0
9.1,0.7,17.9,0.0,3986.0
8.3,2.1,13.6,2.8,3942.0
7.1,2.4,12.5,1.5,3942.0
6.9,-0.6,14.0,0.0,3942.0
8.7,3.8,15.1,0.1,3942.0
7.8,2.3,13.3,0.0,3938.0
6.4,4.0,9.7,6.0,3938.0
6.2,2.8,10.8,1.2,3938.0
6.0,2.4,10.8,1.3,3930.0
7.3,0.7,13.6,0.7,3953.0
8.5,4.0,14.0,1.1,3917.0
10.5,2.8,18.4,0.0,3927.0
8.7,6.2,12.1,3.8,3918.0
7.5,4.1,12.3,3.4,3918.0
8.2,1.7,15.1,0.0,3918.0
11.5,2.9,20.2,0.0,3918.0
13.4,4.1,21.9,0.0,3918.0
13.3,10.2,16.2,17.7,3895.0
13.6,10.5,17.1,9.8,3881.0
14.2,8.5,21.9,0.0,3881.0
14.9,8.1,23.1,0.0,3881.0
13.4,9.2,18.2,0.6,3881.0
13.4,8.3,19.5,0.1,3881.0
12.2,8.4,18.2,10.8,3881.0
12.3,7.2,17.7,0.0,3803.0
13.1,4.6,20.3,0.0,3830.0
14.7,8.5,20.5,0.9,3790.0
17.6,11.3,24.8,0.1,3790.0
17.8,10.3,26.6,0.0,3790.0
13.6,10.8,17.2,15.3,3829.0
13.3,8.6,20.1,3.1,3714.0
13.3,7.4,19.4,0.0,3701.0
12.4,8.9,17.6,0.9,3648.0
13.0,7.1,19.9,0.0,3681.0
13.0,7.0,20.0,0.1,3681.0
14.0,6.0,21.8,0.0,3681.0
15.0,6.4,22.5,0.0,3612.0
16.9,11.0,22.4,0.8,3607.0
14.9,10.1,20.1,1.2,3601.0
13.0,6.4,19.3,0.0,3627.0
15.1,6.2,23.3,0.0,3649.0
17.1,8.2,25.0,0.0,3649.0
19.8,11.9,27.7,0.0,3649.0
17.8,11.3,25.4,0.0,3649.0
16.9,9.4,24.7,0.0,2987.0
18.3,9.5,27.2,0.0,2987.0
19.1,11.3,26.4,0.3,2809.0
19.8,15.6,25.1,3.7,2809.0
16.7,11.1,22.6,0.0,2809.0
17.3,9.2,24.7,0.0,2809.0
18.2,10.3,24.9,0.0,2807.0
14.9,12.9,19.1,11.2,2807.0
15.5,12.6,19.7,1.1,2782.0
18.9,12.3,25.8,0.3,2171.0
18.0,14.4,21.8,1.7,2163.0
17.5,12.3,24.5,2.9,2163.0
16.7,11.3,22.7,0.0,2163.0
16.0,10.2,21.7,0.0,2127.0
16.5,11.1,22.2,0.0,2096.0
17.4,11.0,24.7,0.7,2133.0
19.7,11.5,27.4,0.0,2060.0
21.5,13.5,29.5,0.0,2005.0
21.0,13.8,28.4,0.0,2005.0
20.7,13.8,27.9,0.0,2005.0
20.2,13.1,27.3,0.0,1974.0
19.6,13.7,25.5,1.4,1974.0
19.8,16.0,25.4,3.6,1974.0
19.6,13.2,27.8,0.0,2087.0
16.1,10.9,21.7,0.0,2096.0
17.5,9.8,25.1,0.0,2096.0
20.6,11.8,28.3,0.0,2096.0
23.4,16.6,30.6,0.0,2093.0
23.1,16.2,30.4,0.0,2086.0
21.6,16.5,27.9,2.5,2105.0
21.0,16.2,27.3,2.6,2004.0
19.0,12.3,25.6,0.1,1995.0
19.3,14.2,25.3,0.2,1995.0
19.5,11.5,27.0,0.2,1995.0
20.3,13.0,27.6,0.0,2010.0
17.8,14.5,21.7,10.7,2010.0
18.4,15.9,21.2,5.5,2050.0
20.5,15.9,26.4,0.0,2181.0
22.0,15.5,28.6,0.4,2272.0
21.2,16.6,26.6,0.4,2272.0
20.4,14.2,27.1,0.9,2272.0
19.5,14.7,24.8,0.0,2289.0
19.2,14.7,25.4,2.1,2283.0
20.7,14.4,27.2,0.0,2275.0
22.6,16.0,29.8,0.0,2255.0
22.2,16.4,28.7,0.0,2247.0
22.4,16.3,29.3,0.0,2247.0
23.4,16.3,31.2,0.0,2247.0
24.2,17.1,31.7,0.0,2251.0
23.2,18.1,28.7,2.1,2247.0
23.4,18.7,29.1,0.3,2252.0
23.9,18.2,30.3,0.0,2267.0
24.7,18.6,31.5,0.0,2259.0
23.2,19.3,29.0,2.5,2259.0
22.7,19.1,28.2,10.4,2259.0
22.2,19.6,26.8,12.4,2285.0
23.1,19.7,28.1,3.0,2284.0
24.2,19.8,29.9,1.5,2256.0
23.9,20.4,28.6,5.2,2301.0
25.3,20.8,30.4,0.3,2285.0
25.3,22.6,29.0,4.0,2285.0
25.6,23.3,28.8,23.3,2285.0
25.6,23.5,29.1,29.4,2356.0
25.4,22.9,29.8,20.7,2394.0
26.0,22.5,31.2,1.7,2482.0
25.4,22.0,30.5,15.0,2594.0
26.0,22.9,29.1,4.4,2570.0
25.6,23.4,28.6,24.4,2570.0
27.0,23.4,32.0,9.6,2570.0
26.1,24.1,28.5,26.7,2539.0
26.5,23.2,30.7,4.8,2588.0
27.2,23.1,32.6,0.0,2810.0
27.1,22.2,33.0,0.0,3051.0
26.8,22.9,33.2,9.8,3199.0
25.5,23.1,28.4,20.7,3199.0
26.7,23.7,30.4,25.1,3199.0
26.4,23.4,30.6,6.2,3414.0
26.0,23.1,30.0,3.4,3709.0
27.4,23.5,32.8,0.0,3879.0
28.4,23.8,33.6,0.0,4052.0
29.4,25.5,34.1,0.7,4217.0
27.8,24.8,32.2,4.6,4217.0
26.8,24.4,29.5,13.2,4217.0
27.1,24.9,31.2,10.0,4381.0
26.8,23.9,31.0,10.7,4891.0
26.0,21.7,30.8,0.0,5055.0
25.5,20.4,31.1,0.3,5376.0
26.0,22.2,30.2,11.3,5293.0
25.4,23.4,28.5,7.4,5293.0
26.1,23.0,30.6,0.8,5293.0
24.8,23.1,27.0,19.9,5274.0
26.6,22.9,31.9,2.2,5481.0
27.2,23.8,32.0,0.4,5409.0
27.2,23.1,31.9,0.0,5438.0
28.5,23.5,33.9,0.0,5401.0
29.6,24.7,35.1,0.6,5401.0
29.4,25.1,34.8,1.7,5401.0
28.5,24.8,33.8,1.6,5478.0
27.4,23.5,32.3,0.4,5420.0
25.6,23.5,28.4,11.6,5329.0
25.6,23.4,29.1,15.7,5273.0
25.8,22.3,31.2,8.8,5426.0
25.6,21.8,30.3,0.8,5426.0
24.1,21.4,26.8,3.1,5426.0
22.9,21.4,25.1,42.9,5450.0
23.2,21.6,25.2,29.1,5450.0
24.6,22.0,28.3,6.4,5781.0
24.5,21.8,28.7,5.3,5924.0
25.0,21.7,29.9,6.0,6024.0
24.9,21.9,29.1,8.1,6024.0
24.7,22.7,27.8,24.6,6024.0
25.4,23.0,29.4,26.0,6535.0
26.7,23.4,31.6,8.2,6576.0
27.8,24.4,32.0,10.6,6677.0
28.0,24.7,31.6,14.4,6743.0
25.9,21.2,31.3,3.0,6600.0
23.2,17.9,29.6,0.0,6600.0
22.4,16.6,28.6,0.0,6600.0
23.7,18.3,28.8,8.4,6768.0
22.3,18.2,26.9,1.1,6800.0
19.7,16.6,24.0,0.0,6868.0
21.1,15.5,27.3,0.0,6875.0
21.3,16.0,27.6,0.0,6958.0
20.7,15.3,26.5,0.0,6958.0
21.3,15.3,27.8,0.0,6958.0
21.9,17.0,27.7,0.0,7125.0
20.7,18.1,23.4,1.6,6741.0
20.9,18.5,23.9,15.4,6928.0
21.4,17.8,26.9,1.2,6775.0
22.4,17.7,28.8,0.0,6770.0
22.2,17.4,28.8,0.0,6770.0
22.4,18.0,27.4,0.2,6770.0
20.6,18.2,23.6,46.6,6740.0
21.8,17.1,27.8,0.0,6804.0
20.1,14.4,27.2,0.0,6686.0
20.3,13.6,27.2,0.0,6655.0
20.6,16.5,25.3,0.0,6472.0
20.5,16.1,24.8,0.1,6472.0
21.1,17.0,26.1,1.8,6472.0
20.7,15.2,27.2,0.0,6423.0
21.9,16.5,27.3,3.5,6316.0
19.7,14.0,24.5,0.4,6288.0
18.2,11.8,25.7,0.0,6281.0
19.3,14.0,26.5,0.0,6209.0
19.9,14.9,26.3,0.0,6209.0
21.1,16.0,27.6,0.0,6209.0
21.8,16.9,28.5,0.0,6174.0
22.3,16.9,28.3,0.0,6190.0
19.4,17.3,22.6,21.0,6184.0
19.7,15.0,25.1,0.2,6026.0
15.8,10.3,21.8,0.0,5969.0
17.3,9.9,25.9,0.0,5969.0
16.6,12.9,20.3,21.2,5969.0
19.9,16.5,24.6,15.0,5969.0
18.1,14.9,23.1,0.6,5969.0
17.1,13.0,22.3,0.1,5969.0
16.8,13.0,21.0,1.1,5969.0
16.5,13.9,19.0,8.4,5969.0
19.4,15.9,24.6,0.1,5969.0
20.4,16.3,26.5,0.0,5969.0
20.9,16.4,27.1,0.0,5969.0
20.9,16.8,26.6,1.5,5754.0
17.7,14.6,21.8,6.3,5403.0
13.1,10.6,15.5,9.3,4986.0
13.0,7.7,19.2,0.0,4638.0
14.1,8.9,20.3,0.0,4638.0
14.7,10.0,19.4,0.8,4638.0
15.5,12.1,20.2,0.0,4286.0
15.1,9.7,21.6,0.0,3980.0
15.6,13.0,18.7,0.3,3792.0
15.3,11.3,20.5,0.5,3398.0
15.2,10.1,22.4,0.0,3243.0
15.1,9.4,22.6,0.0,3243.0
15.5,9.4,21.7,0.1,3243.0
12.9,8.0,18.6,0.0,3140.0
11.7,7.3,18.5,0.1,3104.0
11.7,6.0,19.8,0.0,3094.0
12.7,6.9,19.5,0.0,2974.0
14.4,9.6,21.5,0.0,3061.0
15.3,9.2,22.1,0.0,3061.0
12.8,7.6,19.4,1.9,3061.0
7.9,2.9,14.1,0.0,2809.0
8.8,1.0,17.5,0.0,2754.0
12.2,6.0,18.5,0.0,2643.0
13.4,9.0,19.3,0.1,2680.0
12.1,7.1,18.4,1.3,2587.0
8.1,3.6,13.8,1.3,2587.0
7.6,1.4,15.7,0.0,2587.0
9.6,2.6,18.0,0.0,2640.0
13.5,6.4,19.8,0.1,2625.0
14.1,7.5,19.6,0.0,2624.0
9.2,2.8,17.6,0.0,2576.0
11.5,4.3,19.4,2.0,2597.0
6.7,1.7,12.1,0.0,2597.0
5.6,-0.6,13.6,0.0,2597.0
8.2,1.2,14.4,0.4,2621.0
9.2,4.1,14.4,0.0,2646.0
5.5,1.2,10.3,0.0,2591.0
3.1,-1.6,9.3,0.0,2414.0
5.1,-2.0,10.4,0.2,2384.0
2.0,-2.1,7.6,0.0,2384.0
0.8,-4.1,5.5,0.0,2384.0
3.1,-1.5,8.3,0.0,2445.0
2.9,-2.7,10.2,0.0,2461.0
5.3,0.1,10.7,0.5,2434.0
2.3,-2.0,6.7,0.6,2599.0
1.9,-2.1,6.5,1.3,2622.0
4.0,-3.4,10.4,3.3,2622.0
6.3,0.8,12.4,1.3,2622.0
3.9,-1.8,11.6,0.0,2686.0
7.3,0.7,14.4,0.0,2708.0
7.5,3.1,12.2,0.0,2727.0
2.1,-1.9,6.6,0.0,2727.0
-0.6,-5.2,4.8,0.0,2727.0
1.3,-4.9,8.1,0.0,2727.0
4.4,-1.7,11.0,0.5,2727.0
2.2,-2.6,6.9,0.2,2677.0
-2.3,-6.0,1.9,0.2,2670.0
0.6,-5.2,6.7,0.9,2657.0
2.6,-1.9,7.6,0.9,2653.0
-1.3,-4.3,2.4,0.2,2688.0
0.7,-4.5,6.2,0.0,2688.0
3.5,-1.1,8.9,2.2,2688.0
-3.0,-6.7,1.7,0.2,2637.0
-6.0,-9.7,-1.7,0.0,2637.0
-5.2,-9.6,0.4,0.0,2637.0
-4.0,-10.5,2.8,0.0,2635.0
-0.8,-7.2,4.7,0.0,2635.0
-1.7,-5.6,2.1,0.2,2635.0
-4.4,-9.0,0.3,0.1,2635.0
-0.2,-7.3,5.7,0.3,2743.0
-1.3,-5.9,3.4,0.1,2765.0
-1.5,-7.8,4.7,0.7,2788.0
-0.1,-4.8,5.8,0.0,2788.0
1.7,-4.3,8.5,0.0,2800.0
3.9,-1.1,11.0,0.0,2800.0
4.3,1.3,8.1,14.2,2800.0
0.2,-2.7,3.5,0.0,2800.0
-0.6,-4.9,4.1,0.1,2823.0
-3.9,-8.0,0.7,0.0,2865.0
-1.5,-6.9,3.7,0.0,2884.0
2.9,-2.1,8.0,0.0,2901.0
2.9,-1.6,7.1,0.6,2901.0
2.1,-2.0,5.8,0.4,2901.0
-0.4,-4.9,5.2,0.0,2901.0
0.2,-5.3,5.8,0.0,2905.0
-1.6,-5.3,2.8,0.0,2927.0
-1.7,-5.6,2.3,0.0,2940.0
-0.1,-3.4,4.7,0.0,2960.0
-0.7,-5.4,5.5,0.0,2960.0
-0.3,-6.5,4.4,0.5,2960.0
2.3,0.1,4.8,2.4,3024.0
-1.3,-3.4,1.5,1.4,2967.0
-4.5,-8.1,-0.7,2.2,2952.0
-8.2,-11.3,-4.3,0.8,2961.0
-8.5,-13.4,-3.7,0.0,2981.0
-3.1,-8.8,3.1,0.1,2981.0
-0.3,-7.0,6.7,0.0,2981.0
4.4,-0.9,10.8,0.0,3053.0
3.8,-0.8,8.2,7.0,3071.0
4.3,1.7,7.8,5.0,3076.0
3.7,0.1,7.8,0.0,3055.0
1.3,-3.0,7.3,0.0,3069.0
1.2,-4.1,7.7,0.0,3069.0
1.2,-3.9,7.5,0.0,3069.0
2.9,-0.6,7.6,1.2,3083.0
-6.4,-10.0,0.7,0.0,3179.0
-10.4,-13.4,-6.5,0.0,3155.0
-9.9,-13.9,-5.1,0.0,3115.0
-10.4,-14.2,-5.4,0.0,3115.0
-7.0,-14.6,0.4,0.0,3115.0
-2.7,-5.8,1.8,0.0,3115.0
-5.9,-9.3,-1.7,0.1,3176.0
-4.6,-11.3,1.4,0.1,3363.0
-1.0,-6.0,3.9,0.0,3471.0
-2.1,-7.7,4.4,0.0,3749.0
-2.4,-8.3,4.4,0.0,3837.0
-4.5,-8.1,-0.8,0.3,3837.0
-7.1,-10.6,-3.1,0.2,3837.0
-7.4,-11.8,-2.6,0.1,4052.0
-8.0,-12.3,-3.5,0.1,4261.0
-6.7,-13.3,0.0,0.0,4181.0
-3.6,-11.0,4.6,0.0,4307.0
1.4,-6.2,8.6,0.0,4307.0
1.5,-4.0,7.0,0.0,4307.0
-3.6,-7.2,0.1,0.7,4307.0
-4.1,-8.9,-0.1,0.4,4576.0
-0.7,-7.2,5.1,0.1,4512.0
4.7,-3.3,11.9,0.0,4479.0
1.9,-2.7,7.5,0.0,4479.0
1.0,-5.1,7.6,0.0,4479.0
-0.2,-4.4,4.6,0.0,4479.0
0.8,-4.2,6.8,0.0,4479.0
2.8,-2.5,9.2,0.0,4527.0
2.7,-3.9,9.1,0.0,4359.0
0.5,-3.8,5.4,0.0,4301.0
0.6,-6.2,7.3,0.1,4302.0
4.4,-2.7,10.3,1.0,4306.0
4.6,-0.4,10.8,0.1,4306.0
3.8,-0.8,10.5,0.0,4306.0
3.1,-4.2,11.7,0.0,4241.0
5.1,-2.7,12.5,0.0,4277.0
5.6,2.4,9.1,29.2,4280.0
2.8,-1.7,6.6,0.9,4280.0
1.3,-5.0,8.9,0.0,4283.0
7.6,-1.4,16.6,0.0,4283.0
11.8,5.9,17.4,16.0,4283.0
5.7,2.3,11.6,12.1,4303.0
4.7,-0.7,11.1,0.0,4311.0
5.1,1.4,9.1,5.1,4295.0
3.3,1.0,6.3,16.7,4269.0
3.5,0.2,7.7,0.1,4322.0
4.8,-1.1,11.4,0.0,4322.0
6.4,0.7,13.8,0.0,4322.0
7.9,-0.4,16.9,0.0,4347.0
12.3,3.3,20.2,0.0,4314.0
15.2,8.0,22.5,0.0,4281.0
12.8,7.9,16.4,23.9,4297.0
5.2,1.5,10.1,0.7,4289.0
5.4,-1.1,12.6,0.0,4289.0
8.0,1.9,13.0,6.0,4289.0
8.5,5.6,11.4,19.9,4260.0
5.3,1.9,8.7,0.6,4254.0
1.8,0.3,3.7,8.6,4273.0
5.0,0.3,11.4,0.0,4273.0
6.2,-0.7,13.5,0.0,4241.0
9.1,2.1,15.9,0.0,4241.0
10.8,3.9,18.7,0.0,4241.0
12.0,4.7,20.3,0.0,4251.0
13.7,5.5,21.6,0.0,4290.0
15.0,7.5,22.1,0.0,4307.0
14.5,8.8,21.6,0.0,4291.0
12.7,7.5,19.3,0.0,4299.0
14.0,6.3,22.0,0.0,4299.0
15.8,9.7,21.7,0.0,4299.0
17.8,11.5,24.6,0.0,4321.0
18.0,11.7,24.5,0.1,4306.0
11.5,8.4,16.6,14.9,4306.0
8.5,7.5,9.9,12.6,4333.0
7.9,3.9,12.9,16.9,4333.0
5.0,2.1,9.1,0.3,4333.0
7.2,0.0,12.6,0.8,4333.0
10.7,4.8,17.6,0.0,4321.0
15.1,4.8,22.3,1.7,4317.0
15.5,9.8,21.0,2.3,4317.0
13.2,5.2,21.2,0.0,4334.0
12.8,6.1,18.2,0.0,4309.0
9.5,7.5,13.0,22.9,4309.0
10.5,6.5,16.0,0.0,4309.0
10.9,3.9,17.7,0.0,4270.0
12.6,6.4,19.8,0.0,4270.0
13.2,5.5,21.2,0.0,4284.0
15.1,5.7,23.8,0.0,4259.0
17.7,8.7,27.5,0.0,4292.0
18.8,10.0,28.0,0.0,4292.0
15.7,11.5,21.2,4.7,4292.0
11.2,10.2,13.5,45.9,4282.0
11.6,9.0,14.1,10.5,4360.0
13.0,5.5,21.0,0.1,4379.0
14.6,6.2,22.7,0.0,4299.0
14.9,8.3,22.1,0.0,4299.0
15.9,7.8,24.2,0.0,4299.0
16.5,8.3,24.6,0.0,4299.0
18.8,12.4,25.5,0.0,4309.0
18.6,14.0,23.3,0.5,4309.0
14.9,10.5,19.2,12.9,4240.0
12.0,7.9,17.1,0.9,4240.0
14.5,7.1,21.0,0.0,4240.0
18.1,9.5,25.1,0.0,4240.0
15.9,14.2,18.7,19.5,4240.0
16.4,13.2,21.0,12.0,4240.0
15.1,11.6,19.2,0.5,3457.0
13.6,9.2,18.9,0.0,3417.0
15.2,9.3,22.0,0.0,3399.0
16.9,10.1,23.8,0.0,3345.0
16.0,13.5,18.7,16.7,3345.0
17.3,13.6,22.4,3.3,3345.0
19.3,12.3,26.9,0.0,3312.0
22.5,15.0,29.5,0.0,3252.0
22.9,20.5,25.5,5.9,3215.0
22.8,19.5,26.8,17.3,3018.0
17.5,13.4,21.7,9.5,3024.0
15.7,10.9,20.9,0.1,3024.0
15.7,9.5,21.7,0.0,3024.0
16.2,10.6,21.8,0.0,2807.0
17.5,12.1,23.7,6.6,2807.0
18.1,12.6,23.9,13.5,2789.0
18.9,9.8,26.7,0.0,2866.0
19.8,12.4,27.0,0.0,2851.0
20.0,12.4,27.8,0.0,2851.0
19.5,14.5,25.1,0.0,2851.0
20.4,15.1,26.2,0.6,2797.0
21.4,16.9,26.9,1.5,2797.0
20.7,16.7,25.8,2.2,2797.0
19.7,14.3,25.9,0.0,2685.0
22.1,14.4,29.9,0.0,2688.0
23.1,15.6,31.1,0.0,2688.0
22.6,15.7,30.3,0.0,2688.0
22.3,16.1,28.5,0.0,2653.0
21.6,17.9,26.4,1.4,2611.0
22.4,16.9,29.0,0.0,2611.0
23.2,17.6,30.0,0.0,2691.0
22.4,17.9,27.8,0.0,2691.0
21.2,17.2,26.0,1.1,2691.0
19.7,17.2,23.3,1.2,2691.0
18.5,16.5,21.7,7.0,2676.0
19.5,16.0,24.5,0.9,2679.0
20.4,16.3,25.4,0.0,2679.0
20.5,17.6,24.8,1.6,2707.0
19.9,16.3,24.6,0.6,2708.0
19.7,14.8,25.7,0.0,2708.0
20.8,14.6,27.0,0.0,2708.0
23.3,17.9,29.7,0.0,2747.0
21.3,18.2,25.7,3.2,2745.0
22.5,18.0,28.2,0.0,2757.0
23.1,17.8,29.5,0.0,2718.0
23.8,16.6,31.0,0.0,2686.0
24.0,19.5,29.9,0.0,2686.0
25.5,19.2,32.7,0.0,2686.0
25.4,19.0,32.5,0.0,2714.0
23.4,20.4,26.4,29.4,2773.0
24.4,21.3,28.8,31.4,2896.0
23.0,20.6,25.9,39.1,2919.0
24.2,20.6,29.1,2.6,2934.0
23.2,20.5,26.9,12.4,2934.0
22.7,20.0,26.0,67.4,2934.0
23.5,21.1,26.5,44.3,2986.0
24.8,22.1,28.5,12.2,2990.0
25.6,22.0,30.8,10.1,3004.0
23.6,21.8,26.9,11.1,3060.0
21.8,19.9,24.0,5.0,3015.0
21.3,17.9,25.9,0.2,3015.0
20.9,17.3,24.8,0.0,3015.0
20.2,18.8,21.9,12.3,3122.0
24.0,20.0,28.5,2.4,3235.0
26.1,22.8,30.3,3.1,3355.0
27.4,23.3,32.1,0.0,3498.0
27.8,24.1,32.6,0.0,3499.0
27.9,23.7,33.0,0.0,3499.0
28.2,23.4,33.9,0.0,3499.0
28.2,23.1,33.9,0.0,3605.0
28.1,23.3,33.4,0.0,3706.0
27.8,23.0,33.4,0.0,3771.0
28.1,23.1,34.0,0.0,3930.0
28.7,23.0,35.2,0.0,3960.0
29.3,24.0,35.4,0.0,3960.0
29.6,24.7,35.2,0.0,3960.0
29.6,25.4,35.0,0.0,4448.0
29.7,24.9,35.3,0.0,4524.0
29.7,25.8,34.6,0.0,4680.0
29.9,25.5,35.2,0.0,4788.0
30.0,25.5,35.9,0.1,4909.0
28.9,25.6,34.4,3.6,4909.0
29.4,24.7,34.6,0.1,4909.0
29.0,24.9,34.0,0.2,5030.0
29.2,23.9,35.3,0.0,5257.0
30.0,23.8,36.6,0.0,5404.0
30.2,24.9,36.1,0.0,5605.0
30.1,25.4,35.6,0.1,5719.0
30.3,25.9,35.6,0.0,5719.0
30.0,25.9,35.3,1.6,5719.0
29.1,25.5,34.2,12.1,5770.0
28.6,25.4,33.3,1.2,5770.0
28.8,24.9,34.6,1.6,5864.0
28.5,24.9,33.7,3.0,6010.0
27.7,24.9,32.4,8.2,6051.0
27.7,24.3,32.3,0.9,6051.0
28.1,24.1,33.0,0.5,6051.0
29.7,25.1,35.3,0.9,6066.0
29.9,25.0,36.0,0.0,6217.0
29.4,24.5,35.9,3.5,6217.0
27.1,23.5,32.0,5.2,6310.0
25.1,20.9,30.1,0.0,6522.0
24.2,18.8,30.3,0.0,6522.0
25.2,19.4,31.6,0.0,6522.0
26.4,21.1,31.9,0.0,6986.0
26.8,22.1,32.3,2.2,7164.0
28.9,22.9,34.7,0.0,7320.0
27.1,24.6,30.0,25.3,7522.0
25.6,23.1,29.0,20.6,7661.0
24.5,21.4,28.6,1.1,7661.0
22.3,20.2,25.6,54.3,7661.0
23.5,21.1,25.9,45.5,8245.0
25.1,22.7,28.9,30.3,8311.0
26.1,22.6,30.5,16.9,8248.0
26.3,23.9,30.4,15.2,8299.0
23.7,20.9,27.1,31.7,8201.0
23.3,19.7,28.0,8.2,8201.0
22.4,18.2,26.5,1.4,8201.0
23.8,21.1,27.3,32.1,8079.0
23.7,19.7,28.6,26.6,7121.0
23.3,18.2,28.7,0.0,6926.0
22.6,18.2,27.1,1.1,6917.0
21.3,17.8,25.4,4.5,6807.0
19.5,14.8,25.3,0.0,6807.0
20.4,14.4,27.0,0.5,6807.0
20.6,15.6,26.0,0.1,6579.0
19.6,14.5,24.6,0.0,6544.0
21.0,15.6,26.7,0.1,6334.0
20.9,18.4,24.2,2.9,6217.0
21.6,19.0,24.5,11.0,6209.0
22.0,20.2,24.6,2.3,6209.0
22.7,20.4,26.5,0.4,6209.0
21.9,17.8,27.3,0.1,6149.0
21.0,16.0,27.4,0.0,6027.0
20.6,16.6,25.1,2.4,6012.0
19.7,18.3,21.5,12.6,5920.0
19.3,17.9,21.1,26.4,5935.0
20.3,15.3,26.4,0.6,5935.0
18.9,13.6,25.7,0.2,5935.0
16.6,12.1,22.1,0.0,5935.0
16.5,9.7,23.6,0.3,5935.0
17.8,13.8,23.1,0.5,5935.0
17.2,11.4,23.9,0.0,5875.0
16.9,11.6,22.1,0.0,5617.0
18.6,14.1,23.7,1.8,5617.0
18.5,14.2,24.7,0.7,5617.0
16.0,12.3,20.0,1.2,5321.0
15.5,10.1,22.1,0.0,4897.0
15.5,9.2,23.5,0.0,4897.0
18.1,10.8,24.6,0.4,4559.0
17.5,15.7,19.3,57.9,4400.0
18.8,16.2,22.0,81.2,4400.0
17.6,12.6,23.7,0.0,4400.0
14.5,9.7,21.1,0.0,4464.0
14.8,10.0,19.8,0.0,4464.0
13.9,9.2,17.8,1.6,4387.0
10.7,5.9,16.0,0.0,4194.0
10.4,4.6,17.6,0.0,4151.0
11.8,5.3,19.7,0.0,4151.0
13.1,6.8,20.3,0.0,4151.0
14.0,8.5,21.1,0.0,4001.0
13.0,9.1,18.5,0.3,3864.0
12.4,7.6,19.3,1.5,3779.0
11.6,6.2,17.7,6.3,3736.0
12.1,6.7,19.3,0.0,3663.0
11.5,5.3,20.5,0.0,3663.0
11.6,4.9,20.8,0.0,3663.0
12.8,6.7,20.1,0.0,3618.0
13.2,8.6,19.3,1.2,3587.0
12.2,7.1,19.5,0.0,3570.0
12.3,5.6,20.9,0.0,3501.0
12.3,9.2,15.1,6.9,3451.0
10.6,7.0,14.3,0.3,3451.0
10.6,4.4,16.5,5.0,3451.0
9.8,5.0,15.5,0.3,3382.0
7.5,2.6,13.1,0.0,3360.0
7.8,2.8,14.2,0.0,3399.0
7.7,1.4,16.0,0.0,3368.0
9.0,2.1,18.3,0.0,3290.0
9.7,2.6,19.3,0.0,3290.0
10.2,3.1,19.8,0.0,3290.0
10.7,3.8,19.1,0.0,3153.0
11.8,5.7,19.0,0.2,3171.0
12.8,10.1,15.5,6.1,3149.0
14.0,12.1,17.1,34.6,3112.0
12.4,7.9,16.1,0.4,3107.0
10.9,5.5,18.2,0.0,3107.0
9.5,4.9,14.3,1.1,3107.0
9.3,4.9,14.9,1.0,3092.0
8.8,4.0,15.4,0.4,3127.0
8.5,3.3,15.9,0.4,3045.0
8.7,3.0,16.5,0.0,3003.0
9.0,5.1,13.7,1.0,3000.0
7.4,2.7,13.7,0.0,3000.0
6.4,2.0,11.1,0.0,3000.0
7.2,2.0,13.6,0.0,3008.0
6.1,0.3,13.5,0.1,3003.0
6.2,1.4,11.1,0.7,2995.0
4.1,-0.2,8.8,0.0,2981.0
2.3,-2.6,8.6,0.0,2966.0
3.7,-0.6,7.1,4.3,2966.0
5.7,1.8,11.3,0.0,2966.0
5.9,0.6,13.9,0.0,2966.0
7.8,1.5,14.9,0.0,2956.0
5.9,1.2,12.1,0.0,3004.0
5.0,-0.9,11.4,0.0,2933.0
5.1,-0.1,12.1,0.0,2916.0
5.4,1.0,11.9,0.0,2916.0
8.5,1.2,15.3,0.2,2916.0
12.1,9.1,15.2,8.6,2873.0
10.2,5.2,14.1,12.2,2826.0
3.9,-0.3,7.9,0.0,2796.0
4.0,1.6,6.9,2.5,2773.0
-3.0,-6.1,3.1,0.0,2773.0
-5.0,-8.4,-1.0,0.1,2773.0
-4.4,-8.8,0.7,0.0,2773.0
-1.9,-7.9,5.4,0.0,2805.0
0.3,-3.0,2.6,1.8,2805.0
-0.5,-4.2,3.8,0.0,2805.0
-0.3,-5.3,5.1,0.3,2799.0
-2.4,-6.5,3.0,0.0,2816.0
-1.9,-8.3,5.7,0.0,2816.0
0.6,-3.2,4.5,0.6,2816.0
3.2,-1.0,7.5,0.1,2816.0
2.5,-2.5,8.5,0.0,2850.0
5.1,-0.6,11.9,0.0,2865.0
4.2,-0.1,10.5,0.0,2838.0
5.1,-1.3,12.2,0.0,2798.0
6.7,1.2,13.4,0.0,2798.0
5.5,0.4,10.3,0.9,2798.0
-0.3,-4.4,5.1,0.0,2789.0
0.4,-5.4,5.4,0.0,2789.0
2.5,-1.0,6.9,0.0,2796.0
-4.8,-8.1,-0.5,0.0,2796.0
-7.0,-10.7,-2.7,0.1,2796.0
-5.1,-9.5,-0.7,0.0,2796.0
-4.7,-9.4,0.9,0.0,2796.0
-3.2,-9.9,4.0,0.0,2796.0
-2.1,-5.8,2.1,0.1,2796.0
-2.5,-7.0,3.2,0.0,2722.0
-2.1,-7.7,5.0,0.0,2709.0
-0.7,-7.3,5.3,0.0,2709.0
0.2,-4.6,5.3,0.0,2709.0
-1.3,-6.1,5.7,0.0,2709.0
-0.5,-6.3,5.5,0.0,2748.0
-0.7,-4.8,4.2,0.0,2772.0
-2.9,-8.0,2.9,0.0,2748.0
0.5,-3.4,5.1,0.0,2756.0
2.1,-3.4,8.1,0.0,2756.0
3.0,-0.3,7.5,2.4,2756.0
1.3,-3.2,8.2,0.0,2756.0
1.0,-4.1,7.5,0.0,2693.0
0.9,-3.9,6.1,0.1,2692.0
-3.2,-7.9,1.7,0.0,2631.0
0.4,-4.0,5.4,0.0,2598.0
0.8,-5.1,8.1,0.0,2578.0
2.9,-2.7,9.3,0.2,2578.0
1.6,-2.8,5.5,0.1,2578.0
0.5,-5.5,6.2,0.0,2554.0
2.6,-3.2,9.0,0.0,2550.0
3.1,-2.2,9.6,0.0,2550.0
0.7,-5.2,8.2,0.0,2517.0
-0.4,-5.1,5.5,0.0,2503.0
-1.8,-6.2,3.7,0.0,2503.0
-0.2,-7.8,7.1,0.0,2503.0
2.6,-2.6,7.2,0.2,2413.0
0.0,-6.5,8.1,0.0,2498.0
3.5,-3.1,10.1,0.0,2498.0
0.3,-3.8,4.7,4.9,2577.0
-1.3,-6.7,4.1,0.0,2572.0
2.1,-4.8,8.5,0.0,2572.0
5.6,2.6,9.8,12.8,2572.0
2.5,-1.5,6.8,0.0,2572.0
2.9,-4.1,11.0,0.0,2572.0
5.6,-1.2,12.9,0.0,2572.0
2.1,-3.9,7.4,0.5,2665.0
-2.0,-5.9,3.2,0.0,2640.0
-1.7,-4.2,1.7,0.0,2640.0
-1.4,-6.3,3.2,0.0,2640.0
-0.8,-4.7,3.9,0.0,2584.0
0.1,-6.0,6.0,0.0,2584.0
0.3,-4.1,5.3,0.0,2589.0
0.6,-3.7,6.5,0.1,2508.0
2.0,-1.5,6.0,0.4,2508.0
-0.3,-3.5,3.3,0.1,2508.0
-0.2,-5.7,6.3,0.0,2508.0
2.2,-4.4,7.5,0.1,2444.0
2.9,0.6,5.7,16.3,2429.0
2.8,-0.5,7.0,0.0,2386.0
2.7,-2.7,9.4,0.0,2367.0
3.9,-1.5,11.1,0.0,2343.0
5.0,-1.3,13.2,0.0,2343.0
6.1,-1.5,14.3,0.0,2343.0
6.0,0.8,12.8,0.0,2322.0
5.4,-1.5,12.8,0.0,2322.0
7.1,3.4,11.8,0.4,2327.0
6.8,1.4,13.4,0.1,2304.0
6.0,-0.3,13.7,0.0,2304.0
6.9,-0.8,14.6,0.0,2304.0
8.7,2.4,14.8,0.0,2304.0
8.8,3.9,15.2,0.0,2347.0
8.2,1.2,14.4,0.0,2313.0
8.8,4.7,14.3,1.0,2313.0
6.5,2.1,12.1,0.5,2308.0
6.1,-1.3,14.5,0.0,2300.0
7.9,-1.0,16.1,0.3,2300.0
7.8,3.8,11.9,7.9,2300.0
6.4,0.7,11.9,1.1,2276.0
5.8,0.9,11.9,0.9,2263.0
3.9,-1.5,9.4,0.0,2263.0
5.2,-2.4,11.8,0.0,2245.0
5.8,1.0,12.3,3.3,2230.0
5.8,1.4,11.1,0.2,2230.0
6.6,1.1,13.1,0.0,2230.0
7.5,-0.7,15.0,0.0,2233.0
10.7,2.2,19.0,0.0,2245.0
11.4,5.3,17.2,16.1,2245.0
9.8,4.5,15.0,2.1,2245.0
5.2,1.6,10.5,0.0,2228.0
4.2,-0.3,10.3,1.4,2228.0
4.7,-2.1,11.3,0.0,2228.0
7.2,0.4,13.8,0.0,2228.0
10.5,3.2,18.7,0.0,2205.0
12.8,4.8,19.9,0.1,2170.0
10.6,6.6,16.1,0.6,2180.0
10.6,5.0,17.0,0.0,2198.0
7.2,3.7,12.2,3.0,2198.0
5.4,2.3,9.2,0.2,2198.0
5.7,-0.1,11.4,0.0,2201.0
6.7,-0.4,13.4,0.0,2201.0
7.4,-0.4,14.5,0.0,2201.0
9.9,1.3,17.9,0.0,2231.0
11.7,5.2,19.0,0.0,2246.0
11.6,3.4,19.0,0.6,2246.0
12.5,7.4,18.4,2.8,2246.0
11.8,5.1,19.1,0.0,2269.0
9.3,4.8,15.4,23.2,2282.0
7.2,4.5,9.9,8.5,2312.0
8.8,3.3,14.3,0.0,2299.0
10.7,4.1,17.7,0.1,2274.0
11.6,4.0,18.9,0.0,2274.0
10.2,6.3,14.7,0.8,2274.0
11.1,2.3,19.6,0.0,2284.0
14.2,4.3,23.3,0.0,2276.0
15.5,8.7,23.0,0.5,2276.0
15.3,8.4,21.6,0.0,2276.0
12.8,9.5,17.6,0.0,2276.0
14.7,7.7,21.6,0.1,2276.0
16.5,12.0,22.1,0.1,2276.0
17.6,10.2,25.6,0.0,2280.0
16.8,12.1,21.8,5.6,2280.0
17.3,14.2,22.0,6.9,2296.0
13.5,10.2,17.0,4.5,2288.0
9.4,7.6,11.6,6.3,2288.0
11.4,4.9,17.8,0.1,2288.0
12.1,8.4,17.1,0.2,2288.0
11.3,8.0,14.3,19.1,2311.0
14.6,9.8,20.5,0.1,2311.0
15.4,10.1,22.1,0.0,2311.0
16.0,8.3,24.1,0.0,2324.0
16.7,7.6,25.9,0.0,2316.0
17.6,8.8,26.5,0.0,2316.0
18.9,10.9,27.3,0.0,2316.0
14.0,8.3,20.3,0.1,2316.0
13.9,5.2,21.8,0.0,2357.0
15.7,7.2,22.9,0.0,2425.0
17.1,11.1,24.1,0.0,2425.0
17.6,8.7,26.7,0.0,2425.0
18.5,10.2,27.3,0.0,2425.0
18.4,11.1,26.0,0.0,2425.0
17.9,11.4,24.5,0.0,2428.0
19.8,13.9,26.6,0.0,2448.0
20.3,14.3,27.3,0.0,2448.0
21.4,14.6,28.9,0.0,2458.0
21.3,15.0,27.3,1.7,2531.0
18.8,16.4,21.8,21.3,2531.0
19.5,16.9,22.6,7.2,2531.0
17.0,11.9,21.0,1.7,2620.0
17.0,9.0,24.2,0.0,2265.0
19.2,10.3,27.3,0.0,2272.0
20.9,12.8,29.0,0.0,2249.0
22.9,14.0,31.6,0.0,2282.0
23.3,16.9,30.1,0.0,2282.0
23.2,16.4,30.1,0.1,2282.0
18.6,15.4,22.1,22.9,2209.0
17.8,12.6,23.8,0.0,2219.0
19.7,11.1,27.4,0.0,2219.0
20.5,12.7,27.6,0.1,2366.0
18.6,14.4,24.0,0.8,2361.0
18.9,12.4,25.3,0.0,2361.0
20.6,13.6,27.8,0.0,2361.0
22.0,14.0,29.7,0.0,2375.0
23.1,16.1,30.3,0.0,2385.0
22.9,16.8,29.9,0.0,2413.0
21.1,16.9,26.9,20.7,2413.0
18.6,16.6,21.2,24.2,2477.0
20.1,15.5,25.5,0.1,2477.0
19.7,16.1,25.0,1.5,2477.0
18.3,15.3,22.2,4.0,2477.0
18.8,14.8,23.8,0.3,2477.0
19.7,14.3,25.9,0.0,2562.0
21.2,14.7,28.0,0.0,2651.0
20.2,16.8,24.7,2.3,2692.0
20.4,16.1,26.4,3.8,2692.0
20.2,15.2,26.1,0.1,2692.0
21.3,16.8,26.8,0.0,2722.0
21.3,17.3,26.2,2.1,2774.0
22.2,18.3,27.5,0.8,2824.0
23.4,18.2,29.2,0.0,2891.0
22.8,18.5,28.7,1.9,2887.0
21.7,17.4,27.1,1.0,2887.0
21.6,16.4,27.3,0.3,2887.0
22.5,17.2,28.4,0.1,2913.0
23.6,17.1,30.4,0.0,2901.0
21.1,18.0,24.4,33.1,2906.0
23.8,20.6,28.8,12.0,2924.0
23.6,20.7,28.1,0.8,2999.0
21.6,19.9,24.1,31.7,2999.0
23.8,20.1,28.5,0.0,2999.0
23.2,19.9,26.9,0.4,3031.0
23.4,18.5,29.2,0.0,3038.0
23.1,18.4,28.5,0.0,3027.0
24.4,18.4,31.2,0.0,3077.0
25.1,19.1,32.0,0.0,3062.0
25.1,19.0,31.3,0.0,3062.0
23.5,19.8,28.2,0.2,3062.0
22.6,18.9,27.3,0.5,3060.0
22.6,18.4,27.0,0.2,3056.0
20.9,19.2,23.3,20.7,3075.0
22.2,19.7,25.6,8.5,3090.0
23.2,19.6,27.9,0.4,3176.0
23.3,20.1,27.8,1.6,3176.0
23.9,20.2,29.1,2.1,3176.0
23.2,20.6,27.1,8.8,3181.0
23.8,20.3,28.7,4.5,3209.0
24.4,20.7,28.8,3.7,3146.0
24.3,21.4,27.8,8.1,3205.0
25.2,22.1,28.5,13.9,3214.0
24.8,23.2,27.1,56.5,3214.0
24.8,22.6,27.8,20.0,3214.0
27.0,23.2,31.6,0.3,3209.0
27.9,24.2,32.8,0.0,3238.0
26.8,24.8,29.7,0.5,3216.0
26.6,24.8,29.2,16.3,3275.0
26.5,24.7,29.2,19.0,3261.0
27.1,24.6,30.5,12.1,3261.0
26.9,25.0,29.9,10.9,3261.0
27.8,24.3,32.1,0.1,3313.0
28.4,24.7,32.5,0.7,3334.0
28.4,25.2,32.2,6.0,3338.0
28.4,24.6,33.1,3.4,3312.0
28.8,24.3,34.2,0.1,3293.0
28.3,24.2,34.1,0.5,3293.0
28.4,23.9,34.2,0.6,3293.0
28.8,24.2,34.6,0.7,3296.0
27.6,23.8,32.1,10.9,3301.0
27.2,23.8,32.1,14.7,3287.0
27.6,24.2,33.2,5.7,3391.0
28.3,24.2,33.6,0.1,3415.0
28.6,24.5,33.4,0.0,3415.0
28.3,24.8,32.3,8.0,3415.0
27.7,25.3,31.0,15.5,3417.0
28.5,24.3,33.7,1.2,3444.0
28.6,24.7,33.0,1.2,3440.0
26.1,24.2,29.1,15.8,3440.0
26.4,23.3,30.7,1.9,3396.0
26.2,22.0,31.0,2.1,3396.0
25.3,21.1,30.8,0.0,3396.0
25.1,20.0,30.8,0.4,3432.0
26.0,21.7,30.9,0.2,3486.0
25.8,22.5,30.1,8.6,3429.0
25.8,23.0,30.3,25.2,3583.0
24.7,20.8,29.5,0.0,3602.0
22.8,18.9,27.6,0.0,3602.0
23.2,18.9,28.7,1.2,3602.0
24.3,19.0,30.0,0.1,3602.0
22.7,20.5,25.4,16.7,3618.0
23.8,21.0,27.7,0.9,3636.0
22.4,19.9,25.7,4.2,3730.0
22.9,18.6,28.1,0.2,3758.0
22.6,17.6,28.5,0.0,3758.0
22.1,18.0,26.8,0.8,3758.0
21.6,19.1,25.1,11.4,3883.0
22.1,20.1,24.8,13.1,3919.0
23.4,21.4,26.2,11.9,4045.0
24.2,21.8,29.0,22.0,4570.0
25.4,22.1,28.9,2.9,4784.0
25.8,22.6,29.1,12.3,4784.0
24.6,21.8,28.5,0.8,4784.0
24.7,22.4,28.3,8.0,5015.0
25.4,22.5,29.6,15.3,5125.0
23.9,21.5,27.8,7.4,5193.0
20.8,18.6,23.5,5.6,5193.0
21.7,17.1,27.4,0.0,5193.0
22.3,17.4,27.5,0.1,5193.0
23.4,19.7,28.8,0.4,5193.0
22.4,18.1,28.2,0.2,5260.0
21.3,15.5,27.8,0.0,5208.0
21.0,15.4,27.9,0.0,5221.0
19.2,13.5,25.6,0.0,5496.0
19.3,15.0,23.7,0.0,5622.0
17.8,16.0,20.7,40.1,5622.0
17.5,16.1,19.1,65.1,5622.0
18.1,14.4,22.5,0.4,5663.0
17.8,12.6,25.0,0.0,6162.0
18.4,12.6,24.8,0.0,6492.0
20.4,16.0,26.2,0.0,6641.0
21.4,16.8,26.9,1.5,6674.0
22.5,19.3,27.4,1.8,6674.0
22.2,18.0,28.5,0.1,6674.0
21.6,16.4,28.2,0.1,6903.0
21.5,18.4,24.9,9.4,7177.0
21.1,19.8,22.9,106.3,7328.0
22.0,18.7,26.3,28.9,7328.0
21.2,17.1,26.9,0.3,7876.0
18.9,15.5,22.6,3.2,7876.0
17.3,13.4,21.8,0.0,7876.0
15.5,13.8,17.7,8.6,8004.0
15.9,10.3,22.0,0.1,7437.0
13.3,6.8,21.2,0.0,7437.0
14.9,8.6,21.6,0.0,7122.0
17.9,11.9,24.8,0.0,6968.0
18.0,13.5,23.4,0.0,6968.0
15.9,10.6,22.3,0.0,6968.0
14.7,9.3,21.3,3.4,6826.0
13.3,8.5,18.8,1.2,6786.0
13.3,8.1,20.4,0.0,6626.0
14.0,9.5,19.9,0.0,6578.0
15.3,11.0,19.5,3.8,6531.0
16.2,11.6,22.6,0.2,6531.0
15.1,10.4,22.6,0.0,6531.0
15.3,9.5,23.0,0.0,6417.0
15.9,10.3,22.9,0.0,6291.0
16.0,12.1,20.0,0.1,6149.0
17.4,13.6,22.1,2.3,6014.0
16.9,12.0,22.7,0.3,5680.0
12.8,8.9,17.0,0.0,5680.0
10.7,5.4,17.4,0.0,5680.0
11.5,4.5,18.5,0.3,5710.0
13.2,8.0,18.8,0.7,5390.0
11.3,5.7,18.3,0.0,5327.0
13.3,6.1,20.7,0.0,5141.0
14.3,9.0,21.8,0.0,5027.0
13.5,7.7,19.9,0.0,5027.0
13.8,9.4,20.5,1.5,5027.0
12.5,7.6,18.9,0.2,5037.0
11.7,6.0,19.1,0.0,4841.0
11.3,5.5,18.6,0.0,4746.0
10.8,5.7,16.9,0.0,4739.0
7.8,2.3,15.3,0.0,4399.0
8.5,1.6,17.3,0.1,4399.0
9.4,3.0,15.8,8.5,4399.0
12.1,7.8,16.9,1.1,4299.0
9.7,4.8,16.6,0.0,4200.0
8.9,3.7,13.9,2.8,4275.0
3.7,-0.7,8.6,0.0,4262.0
7.2,-1.0,14.0,3.6,4345.0
10.3,5.1,17.1,0.2,4345.0
11.0,6.1,15.4,19.0,4345.0
8.7,3.4,16.4,11.6,4450.0
3.7,0.6,7.0,0.1,4519.0
2.6,-2.1,8.9,0.0,4645.0
5.0,-2.6,12.2,0.0,4605.0
9.3,2.8,17.3,0.0,4600.0
10.8,4.7,18.2,0.0,4600.0
12.8,7.4,19.6,1.2,4600.0
5.9,3.3,10.6,3.5,4655.0
7.7,2.6,13.5,0.5,4691.0
6.2,2.6,9.7,1.0,4756.0
4.7,0.3,10.4,3.1,4680.0
3.4,-1.2,9.9,0.0,4594.0
5.4,-1.5,12.7,0.1,4594.0
6.3,4.7,8.1,12.5,4594.0
3.6,0.2,6.8,0.2,4625.0
2.4,-2.7,6.8,0.5,4553.0
4.2,-0.3,9.5,0.1,4569.0
0.2,-4.4,4.8,0.0,4552.0
-3.2,-7.7,2.3,0.0,4552.0
0.1,-6.5,6.1,0.0,4552.0
1.4,-3.3,8.0,0.0,4552.0
3.0,-3.6,10.1,0.1,4651.0
6.5,1.5,13.4,0.4,4617.0
6.9,1.8,13.3,0.2,4650.0
1.7,-2.4,6.1,0.0,4693.0
1.6,-4.6,8.1,0.1,4680.0
4.0,-0.1,9.0,0.4,4680.0
4.7,-1.5,12.4,0.0,4680.0
7.1,1.0,14.1,0.0,4656.0
8.3,3.9,12.5,2.2,4632.0
4.6,1.8,8.5,0.4,4616.0
2.2,-1.3,6.8,0.0,4592.0
1.0,-3.0,5.4,0.1,4616.0
0.2,-4.1,4.7,0.1,4616.0
3.0,-1.1,9.0,0.1,4616.0
3.8,-1.0,8.7,0.7,4589.0
2.1,-2.0,9.0,0.0,4575.0
3.5,-3.2,10.9,0.0,4575.0
3.7,1.4,6.1,1.1,4495.0
0.6,-3.2,5.1,0.0,4474.0
0.5,-4.9,7.5,0.0,4474.0
2.6,-2.4,6.6,6.2,4474.0
5.0,0.1,9.8,0.9,4502.0
-3.8,-6.7,0.4,0.1,4547.0
-0.9,-6.5,4.1,0.0,4547.0
1.6,-2.6,6.4,0.0,4584.0
2.1,-2.0,7.7,0.0,4591.0
1.6,-3.4,8.0,0.0,4591.0
1.5,-4.5,8.8,0.0,4591.0
3.5,-0.4,5.8,10.0,4613.0
8.8,4.9,13.5,41.8,4627.0
5.4,3.2,11.5,4.5,4627.0
1.9,-1.2,5.4,0.0,4629.0
1.0,-3.6,7.5,0.0,4690.0
1.9,-2.4,7.0,0.0,4690.0
1.7,-0.6,5.1,0.0,4690.0
0.4,-2.7,4.0,0.0,4597.0
-0.2,-3.7,4.7,0.0,4592.0
-0.8,-4.9,4.4,0.0,4606.0
-0.3,-4.7,5.8,0.0,4584.0
0.8,-3.2,6.9,0.3,4584.0
1.4,-3.2,7.4,0.8,4584.0
2.3,-2.3,7.2,0.1,4584.0
2.6,-1.3,7.1,0.0,4605.0
0.6,-4.8,7.0,0.0,4629.0
3.2,0.0,5.9,4.2,4597.0
5.4,1.9,10.3,2.1,4597.0
4.5,-0.2,10.6,1.3,4597.0
5.0,1.5,9.3,0.1,4597.0
6.1,0.8,10.8,0.6,4597.0
5.9,4.2,8.0,15.2,4597.0
6.6,3.4,10.4,0.9,4708.0
5.7,2.7,9.7,0.6,4580.0
4.6,1.2,9.2,0.9,4574.0
3.2,-0.3,8.0,0.0,4550.0
2.6,-2.3,8.1,0.0,4550.0
2.5,-2.1,8.1,0.0,4550.0
1.6,-2.4,5.9,0.0,4468.0
0.5,-5.6,6.6,0.3,4437.0
-3.3,-6.9,1.2,0.0,4435.0
-3.9,-9.6,2.2,0.0,4418.0
-0.2,-6.3,5.5,0.0,4418.0
1.6,-2.1,6.0,0.2,4418.0
0.5,-5.4,6.4,0.1,4418.0
4.1,-1.5,11.1,0.0,4379.0
5.7,-2.7,13.6,0.1,4360.0
7.8,5.3,10.2,12.6,4360.0
8.3,3.9,12.7,0.1,4360.0
8.0,3.2,15.9,0.0,4336.0
9.6,3.5,16.0,1.5,4336.0
2.0,-1.8,8.3,6.5,4336.0
-2.8,-4.9,-0.3,1.0,4336.0
-1.4,-6.4,4.2,0.0,4315.0
2.4,-4.1,9.4,0.0,4339.0
5.0,-0.9,12.4,0.0,4339.0
7.1,-0.4,14.2,1.6,4356.0
6.4,2.1,10.2,1.6,4356.0
3.5,-1.7,9.7,0.0,4356.0
7.2,-1.3,15.0,0.2,4381.0
7.5,5.7,10.0,28.1,4396.0
7.0,3.1,11.9,1.5,4296.0
5.3,1.2,10.4,0.1,4296.0
4.5,1.7,6.8,2.7,4296.0
6.7,2.7,12.1,0.0,4296.0
